name,manufacturer,unit_of_measure,manufacturer_number,quantity,selling_price,purchase_price,max_discount,url
Cливная пробка поддона АКПП VAG,VAG,шт,WHT000310A,4,680.0,340.0,Не ограничена,https://online.autodealer.ru/catalogs/nomenclature?class=NomenclatureDTO&id=15665145&search=C%D0%BB%D0%B8%D0%B2%D0%BD%D0%B0%D1%8F%20%D0%BF%D1%80%D0%BE%D0%B1%D0%BA%D0%B0%20%D0%BF%D0%BE%D0%B4%D0%B4%D0%BE%D0%BD%D0%B0%20%D0%90%D0%9A%D0%9F%D0%9F%20VAG
"Pезистор дополнительный для VW Polo седан, Borsehung",BORSEHUNG,шт,B11459,3,2250.0,763.0,Не ограничена,"https://online.autodealer.ru/catalogs/nomenclature?class=NomenclatureDTO&id=15665313&search=P%D0%B5%D0%B7%D0%B8%D1%81%D1%82%D0%BE%D1%80%20%D0%B4%D0%BE%D0%BF%D0%BE%D0%BB%D0%BD%D0%B8%D1%82%D0%B5%D0%BB%D1%8C%D0%BD%D1%8B%D0%B9%20%D0%B4%D0%BB%D1%8F%20VW%20Polo%20%D1%81%D0%B5%D0%B4%D0%B0%D0%BD,%20Borsehung"
"TRANSMASTER ХОМУТ УНИВЕРСАЛЬНЫЙ 54 М8, МЕТАЛЛ. TRANSMASTER C854",,шт,C854,1,550.0,128.37,Не ограничена,"https://online.autodealer.ru/catalogs/nomenclature?class=NomenclatureDTO&id=17089658&search=TRANSMASTER%20%D0%A5%D0%9E%D0%9C%D0%A3%D0%A2%20%D0%A3%D0%9D%D0%98%D0%92%D0%95%D0%A0%D0%A1%D0%90%D0%9B%D0%AC%D0%9D%D0%AB%D0%99%2054%20%D0%9C8,%20%D0%9C%D0%95%D0%A2%D0%90%D0%9B%D0%9B.%20TRANSMASTER%20C854"
Аккумулятор SPEEDMATE SM-EB620 12V 62Ah 520A 242x175x190,,шт,,1,8750.0,6749.85,Не ограничена,https://online.autodealer.ru/catalogs/nomenclature?class=NomenclatureDTO&id=16854088&search=%D0%90%D0%BA%D0%BA%D1%83%D0%BC%D1%83%D0%BB%D1%8F%D1%82%D0%BE%D1%80%20SPEEDMATE%20SM-EB620%2012V%2062Ah%20520A%20242x175x190
"Амортизатор задний VW Polo седан, FENOX",FENOX,шт,A22095,2,3950.0,2801.0,Не ограничена,"https://online.autodealer.ru/catalogs/nomenclature?class=NomenclatureDTO&id=15665508&search=%D0%90%D0%BC%D0%BE%D1%80%D1%82%D0%B8%D0%B7%D0%B0%D1%82%D0%BE%D1%80%20%D0%B7%D0%B0%D0%B4%D0%BD%D0%B8%D0%B9%20VW%20Polo%20%D1%81%D0%B5%D0%B4%D0%B0%D0%BD,%20FENOX"
Амортизатор задний для VW Polo седан KAYABA (серия Excel-G н.),KYB,шт,344357,2,5490.0,3083.0,Не ограничена,https://online.autodealer.ru/catalogs/nomenclature?class=NomenclatureDTO&id=15665490&search=%D0%90%D0%BC%D0%BE%D1%80%D1%82%D0%B8%D0%B7%D0%B0%D1%82%D0%BE%D1%80%20%D0%B7%D0%B0%D0%B4%D0%BD%D0%B8%D0%B9%20%D0%B4%D0%BB%D1%8F%20VW%20Polo%20%D1%81%D0%B5%D0%B4%D0%B0%D0%BD%20KAYABA%20(%D1%81%D0%B5%D1%80%D0%B8%D1%8F%20Excel-G%20%D0%BD.)
Амортизатор передний для VW Polo седан KAYABA (серия Excel-G),KYB,шт,339763,4,9520.0,6144.36,Не ограничена,https://online.autodealer.ru/catalogs/nomenclature?class=NomenclatureDTO&id=15665483&search=%D0%90%D0%BC%D0%BE%D1%80%D1%82%D0%B8%D0%B7%D0%B0%D1%82%D0%BE%D1%80%20%D0%BF%D0%B5%D1%80%D0%B5%D0%B4%D0%BD%D0%B8%D0%B9%20%D0%B4%D0%BB%D1%8F%20VW%20Polo%20%D1%81%D0%B5%D0%B4%D0%B0%D0%BD%20KAYABA%20(%D1%81%D0%B5%D1%80%D0%B8%D1%8F%20Excel-G)
Блок дроссельной заслонки,QUATTROFRENI,шт,QF46A00034,1,12850.0,7852.0,Не ограничена,"https://online.autodealer.ru/catalogs/nomenclature?class=NomenclatureDTO&id=15665602&search=%D0%91%D0%BB%D0%BE%D0%BA%20%D0%B4%D1%80%D0%BE%D1%81%D1%81%D0%B5%D0%BB%D1%8C%D0%BD%D0%BE%D0%B9%20%D0%B7%D0%B0%D1%81%D0%BB%D0%BE%D0%BD%D0%BA%D0%B8%20%D0%B4%D0%BB%D1%8F%20VW%20Polo%20%D1%81%D0%B5%D0%B4%D0%B0%D0%BD,%20Quattro%20Freni"
"Болт поддона АКПП для а/м VW Polo седан, Skoda Rapid, VAP",VAP,шт,WHT000309,166,75.0,4.34,Не ограничена,"https://online.autodealer.ru/catalogs/nomenclature?class=NomenclatureDTO&id=15665820&search=%D0%91%D0%BE%D0%BB%D1%82%20%D0%BF%D0%BE%D0%B4%D0%B4%D0%BE%D0%BD%D0%B0%20%D0%90%D0%9A%D0%9F%D0%9F%20%D0%B4%D0%BB%D1%8F%20%D0%B0%2F%D0%BC%20VW%20Polo%20%D1%81%D0%B5%D0%B4%D0%B0%D0%BD,%20Skoda%20Rapid,%20VAP"
"Втулка для VW Polo седан, VAG",VAG,шт,03C105159H,3,3960.0,2595.67,Не ограничена,"https://online.autodealer.ru/catalogs/nomenclature?class=NomenclatureDTO&id=15666136&search=%D0%92%D1%82%D1%83%D0%BB%D0%BA%D0%B0%20%D0%B4%D0%BB%D1%8F%20VW%20Polo%20%D1%81%D0%B5%D0%B4%D0%B0%D0%BD,%20VAG"
Датчик уровня топлива для VW Polo седан VAG 6RU919673A,VAG,шт,6RU919673A,1,4620.0,2670.0,Не ограничена,https://online.autodealer.ru/catalogs/nomenclature?class=NomenclatureDTO&id=15666581&search=%D0%94%D0%B0%D1%82%D1%87%D0%B8%D0%BA%20%D1%83%D1%80%D0%BE%D0%B2%D0%BD%D1%8F%20%D1%82%D0%BE%D0%BF%D0%BB%D0%B8%D0%B2%D0%B0%20%D0%B4%D0%BB%D1%8F%20VW%20Polo%20%D1%81%D0%B5%D0%B4%D0%B0%D0%BD%20VAG%206RU919673A
"Держатель троса ручного тормоза для VW Polo седан, VAG 6R0609651",VAG,шт,6R0609651,1,370.0,65.52,Не ограничена,"https://online.autodealer.ru/catalogs/nomenclature?class=NomenclatureDTO&id=15666500&search=%D0%94%D0%B5%D1%80%D0%B6%D0%B0%D1%82%D0%B5%D0%BB%D1%8C%20%D1%82%D1%80%D0%BE%D1%81%D0%B0%20%D1%80%D1%83%D1%87%D0%BD%D0%BE%D0%B3%D0%BE%20%D1%82%D0%BE%D1%80%D0%BC%D0%BE%D0%B7%D0%B0%20%D0%B4%D0%BB%D1%8F%20VW%20Polo%20%D1%81%D0%B5%D0%B4%D0%B0%D0%BD,%20VAG%206R0609651"
"Детали крепления для задних тормозных колодок 1 комплект VW Polo седан, BOSCH",Bosch,шт,1 987 475 204,2,2290.0,727.76,Не ограничена,"https://online.autodealer.ru/catalogs/nomenclature?class=NomenclatureDTO&id=15666505&search=%D0%94%D0%B5%D1%82%D0%B0%D0%BB%D0%B8%20%D0%BA%D1%80%D0%B5%D0%BF%D0%BB%D0%B5%D0%BD%D0%B8%D1%8F%20%D0%B4%D0%BB%D1%8F%20%D0%B7%D0%B0%D0%B4%D0%BD%D0%B8%D1%85%20%D1%82%D0%BE%D1%80%D0%BC%D0%BE%D0%B7%D0%BD%D1%8B%D1%85%20%D0%BA%D0%BE%D0%BB%D0%BE%D0%B4%D0%BE%D0%BA%201%20%D0%BA%D0%BE%D0%BC%D0%BF%D0%BB%D0%B5%D0%BA%D1%82%20VW%20Polo%20%D1%81%D0%B5%D0%B4%D0%B0%D0%BD,%20BOSCH"
"Детали крепления для задних тормозных колодок 1 комплект VW Polo седан, VAG",VAG,шт,6RU698545A,2,5690.0,3757.79,Не ограничена,"https://online.autodealer.ru/catalogs/nomenclature?class=NomenclatureDTO&id=15666506&search=%D0%94%D0%B5%D1%82%D0%B0%D0%BB%D0%B8%20%D0%BA%D1%80%D0%B5%D0%BF%D0%BB%D0%B5%D0%BD%D0%B8%D1%8F%20%D0%B4%D0%BB%D1%8F%20%D0%B7%D0%B0%D0%B4%D0%BD%D0%B8%D1%85%20%D1%82%D0%BE%D1%80%D0%BC%D0%BE%D0%B7%D0%BD%D1%8B%D1%85%20%D0%BA%D0%BE%D0%BB%D0%BE%D0%B4%D0%BE%D0%BA%201%20%D0%BA%D0%BE%D0%BC%D0%BF%D0%BB%D0%B5%D0%BA%D1%82%20VW%20Polo%20%D1%81%D0%B5%D0%B4%D0%B0%D0%BD,%20VAG"
"Втулка стабилизатора переднего для VW Polo седан, VAG",VAG,шт,6Q0411314P,4,1450.0,495.0,Не ограничена,"https://online.autodealer.ru/catalogs/nomenclature?class=NomenclatureDTO&id=15666218&search=%D0%92%D1%82%D1%83%D0%BB%D0%BA%D0%B0%20%D1%81%D1%82%D0%B0%D0%B1%D0%B8%D0%BB%D0%B8%D0%B7%D0%B0%D1%82%D0%BE%D1%80%D0%B0%20%D0%BF%D0%B5%D1%80%D0%B5%D0%B4%D0%BD%D0%B5%D0%B3%D0%BE%20%D0%B4%D0%BB%D1%8F%20VW%20Polo%20%D1%81%D0%B5%D0%B4%D0%B0%D0%BD,%20VAG"
"Винт со скр.цил.гол.,внут.TORX WHT005227",VAG,шт,WHT005227,3,90.0,34.58,Не ограничена,"https://online.autodealer.ru/catalogs/nomenclature?class=NomenclatureDTO&id=15666040&search=%D0%92%D0%B8%D0%BD%D1%82%20%D1%81%D0%BE%20%D1%81%D0%BA%D1%80.%D1%86%D0%B8%D0%BB.%D0%B3%D0%BE%D0%BB.,%D0%B2%D0%BD%D1%83%D1%82.TORX%20WHT005227"
Болт 12-гранный шкива коленвала CFNA,VAG,шт,N91048601,4,1080.0,575.46,Не ограничена,https://online.autodealer.ru/catalogs/nomenclature?class=NomenclatureDTO&id=15665778&search=%D0%91%D0%BE%D0%BB%D1%82%2012-%D0%B3%D1%80%D0%B0%D0%BD%D0%BD%D1%8B%D0%B9%20%D1%88%D0%BA%D0%B8%D0%B2%D0%B0%20%D0%BA%D0%BE%D0%BB%D0%B5%D0%BD%D0%B2%D0%B0%D0%BB%D0%B0%20CFNA
Болт 12-гранный шкива коленвала CWVA,VAG,шт,N91204401,7,1080.0,243.0,Не ограничена,https://online.autodealer.ru/catalogs/nomenclature?class=NomenclatureDTO&id=15665794&search=%D0%91%D0%BE%D0%BB%D1%82%2012-%D0%B3%D1%80%D0%B0%D0%BD%D0%BD%D1%8B%D0%B9%20%D1%88%D0%BA%D0%B8%D0%B2%D0%B0%20%D0%BA%D0%BE%D0%BB%D0%B5%D0%BD%D0%B2%D0%B0%D0%BB%D0%B0%20CWVA
Болт HYUNDAI /KIA SPORTAGE CTR GC0004 (замена 552603M000 ),CTR,шт,GC0004,2,480.0,372.0,Не ограничена,https://online.autodealer.ru/catalogs/nomenclature?class=NomenclatureDTO&id=15665813&search=%D0%91%D0%BE%D0%BB%D1%82%20HYUNDAI%20%2FKIA%20SPORTAGE%20CTR%20GC0004%20(%D0%B7%D0%B0%D0%BC%D0%B5%D0%BD%D0%B0%20552603M000%20)
Болт крепления рычага,SUZUKI,шт,09135-12008,1,520.0,365.0,Не ограничена,https://online.autodealer.ru/catalogs/nomenclature?class=NomenclatureDTO&id=21574963&search=%D0%91%D0%BE%D0%BB%D1%82%20%D0%BA%D1%80%D0%B5%D0%BF%D0%BB%D0%B5%D0%BD%D0%B8%D1%8F%20%D1%80%D1%8B%D1%87%D0%B0%D0%B3%D0%B0
Болт крепления рычага Suzuki,SUZUKI,шт,09135-12007,2,450.0,282.0,Не ограничена,https://online.autodealer.ru/catalogs/nomenclature?class=NomenclatureDTO&id=21574944&search=%D0%91%D0%BE%D0%BB%D1%82%20%D0%BA%D1%80%D0%B5%D0%BF%D0%BB%D0%B5%D0%BD%D0%B8%D1%8F%20%D1%80%D1%8B%D1%87%D0%B0%D0%B3%D0%B0%20Suzuki
Болт крепления шрус VAG N91108201,VAG,шт,N91108201,18,280.0,35.11,Не ограничена,https://online.autodealer.ru/catalogs/nomenclature?class=NomenclatureDTO&id=15665818&search=%D0%91%D0%BE%D0%BB%D1%82%20%D0%BA%D1%80%D0%B5%D0%BF%D0%BB%D0%B5%D0%BD%D0%B8%D1%8F%20%D1%88%D1%80%D1%83%D1%81%20VAG%20N91108201
Болт М10 (для рул.рейки) VW Polo седан VAG N10469202,VAG,шт,N10469202,2,490.0,143.0,Не ограничена,https://online.autodealer.ru/catalogs/nomenclature?class=NomenclatureDTO&id=15665803&search=%D0%91%D0%BE%D0%BB%D1%82%20%D0%9C10%20(%D0%B4%D0%BB%D1%8F%20%D1%80%D1%83%D0%BB.%D1%80%D0%B5%D0%B9%D0%BA%D0%B8)%20VW%20Polo%20%D1%81%D0%B5%D0%B4%D0%B0%D0%BD%20VAG%20N10469202
"Водяной насос, охлаждение двигателя",Metelli,шт,24-1218,3,9850.0,3113.58,Не ограничена,"https://online.autodealer.ru/catalogs/nomenclature?class=NomenclatureDTO&id=15669130&search=%D0%92%D0%BE%D0%B4%D1%8F%D0%BD%D0%BE%D0%B9%20%D0%BD%D0%B0%D1%81%D0%BE%D1%81,%20%D0%BE%D1%85%D0%BB%D0%B0%D0%B6%D0%B4%D0%B5%D0%BD%D0%B8%D0%B5%20%D0%B4%D0%B2%D0%B8%D0%B3%D0%B0%D1%82%D0%B5%D0%BB%D1%8F%20(%D0%BF%D0%BE%D0%BC%D0%BF%D0%B0)%20%D0%B4%D0%BB%D1%8F%20(CWVA,%20CZCA)"
"Гайка, двенадцатигранная ступицы для VW Polo седан, J+P Group",JP Group,шт,1101100300,6,440.0,176.77,Не ограничена,"https://online.autodealer.ru/catalogs/nomenclature?class=NomenclatureDTO&id=15666301&search=%D0%93%D0%B0%D0%B9%D0%BA%D0%B0,%20%D0%B4%D0%B2%D0%B5%D0%BD%D0%B0%D0%B4%D1%86%D0%B0%D1%82%D0%B8%D0%B3%D1%80%D0%B0%D0%BD%D0%BD%D0%B0%D1%8F%20%D1%81%D1%82%D1%83%D0%BF%D0%B8%D1%86%D1%8B%20%D0%B4%D0%BB%D1%8F%20VW%20Polo%20%D1%81%D0%B5%D0%B4%D0%B0%D0%BD,%20J%2BP%20Group"
Вентиль для бескамерных шин CLIPPER,,шт,TR414,4,50.0,23.83,Не ограничена,https://online.autodealer.ru/catalogs/nomenclature?class=NomenclatureDTO&id=21334342&search=%D0%92%D0%B5%D0%BD%D1%82%D0%B8%D0%BB%D1%8C%20%D0%B4%D0%BB%D1%8F%20%D0%B1%D0%B5%D1%81%D0%BA%D0%B0%D0%BC%D0%B5%D1%80%D0%BD%D1%8B%D1%85%20%D1%88%D0%B8%D0%BD%20CLIPPER
"Блок управления вентилятором для VW Polo седан, VIKA 99191545301",,шт,99191545301,1,1350.0,960.86,Не ограничена,"https://online.autodealer.ru/catalogs/nomenclature?class=NomenclatureDTO&id=17357625&search=%D0%91%D0%BB%D0%BE%D0%BA%20%D1%83%D0%BF%D1%80%D0%B0%D0%B2%D0%BB%D0%B5%D0%BD%D0%B8%D1%8F%20%D0%B2%D0%B5%D0%BD%D1%82%D0%B8%D0%BB%D1%8F%D1%82%D0%BE%D1%80%D0%BE%D0%BC%20%D0%B4%D0%BB%D1%8F%20VW%20Polo%20%D1%81%D0%B5%D0%B4%D0%B0%D0%BD,%20VIKA%2099191545301"
Ввод остатков,,шт,,0,3123.83,2579.83,Не ограничена,https://online.autodealer.ru/catalogs/nomenclature?class=NomenclatureDTO&id=17967797&search=%D0%92%D0%B2%D0%BE%D0%B4%20%D0%BE%D1%81%D1%82%D0%B0%D1%82%D0%BA%D0%BE%D0%B2
"Водяная трубка для VW Polo седан, VAG",VAG,шт,6Q0121065N,2,3900.0,1700.0,Не ограничена,"https://online.autodealer.ru/catalogs/nomenclature?class=NomenclatureDTO&id=15666038&search=%D0%92%D0%BE%D0%B4%D1%8F%D0%BD%D0%B0%D1%8F%20%D1%82%D1%80%D1%83%D0%B1%D0%BA%D0%B0%20%D0%B4%D0%BB%D1%8F%20VW%20Polo%20%D1%81%D0%B5%D0%B4%D0%B0%D0%BD,%20VAG"
Вентилятор печки для VW Polo седан LUZAR,LUZAR,шт,LFH18531,2,6950.0,3741.0,Не ограничена,https://online.autodealer.ru/catalogs/nomenclature?class=NomenclatureDTO&id=15666028&search=%D0%92%D0%B5%D0%BD%D1%82%D0%B8%D0%BB%D1%8F%D1%82%D0%BE%D1%80%20%D0%BF%D0%B5%D1%87%D0%BA%D0%B8%20%D0%B4%D0%BB%D1%8F%20VW%20Polo%20%D1%81%D0%B5%D0%B4%D0%B0%D0%BD%20LUZAR
Винт самонарез. с внутр. TORX N90974701,torx,шт,N90974701,3,55.0,26.88,Не ограничена,https://online.autodealer.ru/catalogs/nomenclature?class=NomenclatureDTO&id=15666130&search=%D0%92%D0%B8%D0%BD%D1%82%20%D1%81%D0%B0%D0%BC%D0%BE%D0%BD%D0%B0%D1%80%D0%B5%D0%B7.%20%D1%81%20%D0%B2%D0%BD%D1%83%D1%82%D1%80.%20TORX%20N90974701
"Винт с внутренним шестигранником М6*14, VAG N10248003",VAG,шт,N10248003,20,220.0,151.0,Не ограничена,"https://online.autodealer.ru/catalogs/nomenclature?class=NomenclatureDTO&id=15666045&search=%D0%92%D0%B8%D0%BD%D1%82%20%D1%81%20%D0%B2%D0%BD%D1%83%D1%82%D1%80%D0%B5%D0%BD%D0%BD%D0%B8%D0%BC%20%D1%88%D0%B5%D1%81%D1%82%D0%B8%D0%B3%D1%80%D0%B0%D0%BD%D0%BD%D0%B8%D0%BA%D0%BE%D0%BC%20%D0%9C6*14,%20VAG%20N10248003"
"Винт со скр.цил.гол.,внут.TORX для VW Polo седан, Febi 27876 (замена N90954802)",FEBI,шт,27876,2,520.0,198.0,Не ограничена,"https://online.autodealer.ru/catalogs/nomenclature?class=NomenclatureDTO&id=15666121&search=%D0%92%D0%B8%D0%BD%D1%82%20%D1%81%D0%BE%20%D1%81%D0%BA%D1%80.%D1%86%D0%B8%D0%BB.%D0%B3%D0%BE%D0%BB.,%D0%B2%D0%BD%D1%83%D1%82.TORX%20%D0%B4%D0%BB%D1%8F%20VW%20Polo%20%D1%81%D0%B5%D0%B4%D0%B0%D0%BD,%20Febi%2027876%20(%D0%B7%D0%B0%D0%BC%D0%B5%D0%BD%D0%B0%20N90954802)"
Галогенная лампа H7 (1шт) Osram ORIGINAL LINE 64210-01B,Osram,шт,6421001B,10,550.0,243.0,Не ограничена,https://online.autodealer.ru/catalogs/nomenclature?class=NomenclatureDTO&id=15666401&search=%D0%93%D0%B0%D0%BB%D0%BE%D0%B3%D0%B5%D0%BD%D0%BD%D0%B0%D1%8F%20%D0%BB%D0%B0%D0%BC%D0%BF%D0%B0%20H7%20(1%D1%88%D1%82)%20Osram%20ORIGINAL%20LINE%2064210-01B
Галогенная лампа P21W BEHR-HELLA 12W Standart 1 шт,HELLA,шт,8GA002073121,16,80.0,20.42,Не ограничена,https://online.autodealer.ru/catalogs/nomenclature?class=NomenclatureDTO&id=15666398&search=%D0%93%D0%B0%D0%BB%D0%BE%D0%B3%D0%B5%D0%BD%D0%BD%D0%B0%D1%8F%20%D0%BB%D0%B0%D0%BC%D0%BF%D0%B0%20P21W%20BEHR-HELLA%2012W%20Standart%201%20%D1%88%D1%82
"Галогенная лампа PY21W оранж., BAU15s 12V 21W STANDARD 1 шт. в упаковке LYNX L14421Y",Lynx,шт,L14421Y,9,70.0,39.7,Не ограничена,"https://online.autodealer.ru/catalogs/nomenclature?class=NomenclatureDTO&id=15666318&search=%D0%93%D0%B0%D0%BB%D0%BE%D0%B3%D0%B5%D0%BD%D0%BD%D0%B0%D1%8F%20%D0%BB%D0%B0%D0%BC%D0%BF%D0%B0%20PY21W%20%D0%BE%D1%80%D0%B0%D0%BD%D0%B6.,%20BAU15s%2012V%2021W%20STANDARD%201%20%D1%88%D1%82.%20%D0%B2%20%D1%83%D0%BF%D0%B0%D0%BA%D0%BE%D0%B2%D0%BA%D0%B5%20LYNX%20L14421Y"
Гофра приемной трубы BOSAL,BOSAL,шт,265309,2,4150.0,1005.0,Не ограничена,https://online.autodealer.ru/catalogs/nomenclature?class=NomenclatureDTO&id=15666359&search=%D0%93%D0%BE%D1%84%D1%80%D0%B0%20%D0%BF%D1%80%D0%B8%D0%B5%D0%BC%D0%BD%D0%BE%D0%B9%20%D1%82%D1%80%D1%83%D0%B1%D1%8B%20BOSAL
Датчик давления кондиционера для VW Polo седан VAG 1K0959126E,VAG,шт,1K0959126E,1,2980.0,1813.0,Не ограничена,https://online.autodealer.ru/catalogs/nomenclature?class=NomenclatureDTO&id=15666467&search=%D0%94%D0%B0%D1%82%D1%87%D0%B8%D0%BA%20%D0%B4%D0%B0%D0%B2%D0%BB%D0%B5%D0%BD%D0%B8%D1%8F%20%D0%BA%D0%BE%D0%BD%D0%B4%D0%B8%D1%86%D0%B8%D0%BE%D0%BD%D0%B5%D1%80%D0%B0%20%D0%B4%D0%BB%D1%8F%20VW%20Polo%20%D1%81%D0%B5%D0%B4%D0%B0%D0%BD%20VAG%201K0959126E
Датчик положения коленчатого вала KIA /HYNDAI 391802B000,KIA /HYNDAI,шт,391802B000,1,2500.0,1762.91,Не ограничена,https://online.autodealer.ru/catalogs/nomenclature?class=NomenclatureDTO&id=15666484&search=%D0%94%D0%B0%D1%82%D1%87%D0%B8%D0%BA%20%D0%BF%D0%BE%D0%BB%D0%BE%D0%B6%D0%B5%D0%BD%D0%B8%D1%8F%20%D0%BA%D0%BE%D0%BB%D0%B5%D0%BD%D1%87%D0%B0%D1%82%D0%BE%D0%B3%D0%BE%20%D0%B2%D0%B0%D0%BB%D0%B0%20KIA%20%2FHYNDAI%20391802B000
"Втулка резьбовая амортизатора переднего для VW Polo седан, VAG 1H0412365A",VAG,шт,1H0412365A,2,210.0,134.0,Не ограничена,"https://online.autodealer.ru/catalogs/nomenclature?class=NomenclatureDTO&id=15666163&search=%D0%92%D1%82%D1%83%D0%BB%D0%BA%D0%B0%20%D1%80%D0%B5%D0%B7%D1%8C%D0%B1%D0%BE%D0%B2%D0%B0%D1%8F%20%D0%B0%D0%BC%D0%BE%D1%80%D1%82%D0%B8%D0%B7%D0%B0%D1%82%D0%BE%D1%80%D0%B0%20%D0%BF%D0%B5%D1%80%D0%B5%D0%B4%D0%BD%D0%B5%D0%B3%D0%BE%20%D0%B4%D0%BB%D1%8F%20VW%20Polo%20%D1%81%D0%B5%D0%B4%D0%B0%D0%BD,%20VAG%201H0412365A"
"Втулка стабилизатора Polo, Rapid VAG 6Q0411314R",VAG,шт,6Q0411314R,4,1450.0,691.0,Не ограничена,"https://online.autodealer.ru/catalogs/nomenclature?class=NomenclatureDTO&id=15666222&search=%D0%92%D1%82%D1%83%D0%BB%D0%BA%D0%B0%20%D1%81%D1%82%D0%B0%D0%B1%D0%B8%D0%BB%D0%B8%D0%B7%D0%B0%D1%82%D0%BE%D1%80%D0%B0%20Polo,%20Rapid%20VAG%206Q0411314R"
Гайка коллектора SWAG,Swag,шт,30901554,35,80.0,37.0,Не ограничена,https://online.autodealer.ru/catalogs/nomenclature?class=NomenclatureDTO&id=15666269&search=%D0%93%D0%B0%D0%B9%D0%BA%D0%B0%20%D0%BA%D0%BE%D0%BB%D0%BB%D0%B5%D0%BA%D1%82%D0%BE%D1%80%D0%B0%20SWAG
"Диск тормозной вентилируемый 288X25MM 5/112 | перед, прав, лев |",NiBK,шт,RN1374,2,7360.0,4906.0,Не ограничена,"https://online.autodealer.ru/catalogs/nomenclature?class=NomenclatureDTO&id=18198026&search=%D0%94%D0%B8%D1%81%D0%BA%20%D1%82%D0%BE%D1%80%D0%BC%D0%BE%D0%B7%D0%BD%D0%BE%D0%B9%20%D0%B2%D0%B5%D0%BD%D1%82%D0%B8%D0%BB%D0%B8%D1%80%D1%83%D0%B5%D0%BC%D1%8B%D0%B9%20288X25MM%205%2F112%20%7C%20%D0%BF%D0%B5%D1%80%D0%B5%D0%B4,%20%D0%BF%D1%80%D0%B0%D0%B2,%20%D0%BB%D0%B5%D0%B2%20%7C"
"Диск тормозной передний 288*25 5/100 VW Polo седан 110 л.с., Sangsin brake",HiQ,шт,SD5408,2,4550.0,2088.0,Не ограничена,"https://online.autodealer.ru/catalogs/nomenclature?class=NomenclatureDTO&id=15666682&search=%D0%94%D0%B8%D1%81%D0%BA%20%D1%82%D0%BE%D1%80%D0%BC%D0%BE%D0%B7%D0%BD%D0%BE%D0%B9%20%D0%BF%D0%B5%D1%80%D0%B5%D0%B4%D0%BD%D0%B8%D0%B9%20288*25%205%2F100%20VW%20Polo%20%D1%81%D0%B5%D0%B4%D0%B0%D0%BD%20110%20%D0%BB.%D1%81.,%20Sangsin%20brake"
"Диск тормозной передний для VW Polo седан, SANGSIN",HiQ,шт,SD5401,4,3680.0,1567.2,Не ограничена,"https://online.autodealer.ru/catalogs/nomenclature?class=NomenclatureDTO&id=15666774&search=%D0%94%D0%B8%D1%81%D0%BA%20%D1%82%D0%BE%D1%80%D0%BC%D0%BE%D0%B7%D0%BD%D0%BE%D0%B9%20%D0%BF%D0%B5%D1%80%D0%B5%D0%B4%D0%BD%D0%B8%D0%B9%20%D0%B4%D0%BB%D1%8F%20VW%20Polo%20%D1%81%D0%B5%D0%B4%D0%B0%D0%BD,%20SANGSIN"
Жидкость тормозная RosDot-4 1L,,шт,000002088,6,900.0,386.25,Не ограничена,https://online.autodealer.ru/catalogs/nomenclature?class=NomenclatureDTO&id=16251005&search=%D0%96%D0%B8%D0%B4%D0%BA%D0%BE%D1%81%D1%82%D1%8C%20%D1%82%D0%BE%D1%80%D0%BC%D0%BE%D0%B7%D0%BD%D0%B0%D1%8F%20RosDot-4%201L
Зажим пластиковый Volkswagen применяемость молдинги PATRON,,шт,P370291,6,50.0,14.0,Не ограничена,https://online.autodealer.ru/catalogs/nomenclature?class=NomenclatureDTO&id=22320050&search=%D0%97%D0%B0%D0%B6%D0%B8%D0%BC%20%D0%BF%D0%BB%D0%B0%D1%81%D1%82%D0%B8%D0%BA%D0%BE%D0%B2%D1%8B%D0%B9%20Volkswagen%20%D0%BF%D1%80%D0%B8%D0%BC%D0%B5%D0%BD%D1%8F%D0%B5%D0%BC%D0%BE%D1%81%D1%82%D1%8C%20%D0%BC%D0%BE%D0%BB%D0%B4%D0%B8%D0%BD%D0%B3%D0%B8%20PATRON
"Зажим фары крепежный пружинный для VW Polo седан, VAG 6R0941511",VAG,шт,6R0941511,8,390.0,183.38,Не ограничена,"https://online.autodealer.ru/catalogs/nomenclature?class=NomenclatureDTO&id=15666890&search=%D0%97%D0%B0%D0%B6%D0%B8%D0%BC%20%D1%84%D0%B0%D1%80%D1%8B%20%D0%BA%D1%80%D0%B5%D0%BF%D0%B5%D0%B6%D0%BD%D1%8B%D0%B9%20%D0%BF%D1%80%D1%83%D0%B6%D0%B8%D0%BD%D0%BD%D1%8B%D0%B9%20%D0%B4%D0%BB%D1%8F%20VW%20Polo%20%D1%81%D0%B5%D0%B4%D0%B0%D0%BD,%20VAG%206R0941511"
Защита картера TOYOTA RAV 4 (с крепежом) АВТОБРОНЯ,,шт,111057091,1,3850.0,2366.0,Не ограничена,https://online.autodealer.ru/catalogs/nomenclature?class=NomenclatureDTO&id=24958458&search=%D0%97%D0%B0%D1%89%D0%B8%D1%82%D0%B0%20%D0%BA%D0%B0%D1%80%D1%82%D0%B5%D1%80%D0%B0%20TOYOTA%20RAV%204%20(%D1%81%20%D0%BA%D1%80%D0%B5%D0%BF%D0%B5%D0%B6%D0%BE%D0%BC)%20%D0%90%D0%92%D0%A2%D0%9E%D0%91%D0%A0%D0%9E%D0%9D%D0%AF
"Катушка зажигания с колпачкоv (CWVA, CZCA), LYNXauto",LYNXauto,шт,SPL1098,1,3250.0,2030.0,Не ограничена,"https://online.autodealer.ru/catalogs/nomenclature?class=NomenclatureDTO&id=16877080&search=%D0%9A%D0%B0%D1%82%D1%83%D1%88%D0%BA%D0%B0%20%D0%B7%D0%B0%D0%B6%D0%B8%D0%B3%D0%B0%D0%BD%D0%B8%D1%8F%20%D1%81%20%D0%BA%D0%BE%D0%BB%D0%BF%D0%B0%D1%87%D0%BA%D0%BE%D0%BC%20(CWVA,%20CZCA),%20LYNXauto"
Кожух тормозного диска зад лев. BMW 5 F10 PATRON,,шт,PBS250,1,2500.0,1902.73,Не ограничена,https://online.autodealer.ru/catalogs/nomenclature?class=NomenclatureDTO&id=22560547&search=%D0%9A%D0%BE%D0%B6%D1%83%D1%85%20%D1%82%D0%BE%D1%80%D0%BC%D0%BE%D0%B7%D0%BD%D0%BE%D0%B3%D0%BE%20%D0%B4%D0%B8%D1%81%D0%BA%D0%B0%20%D0%B7%D0%B0%D0%B4%20%D0%BB%D0%B5%D0%B2.%20BMW%205%20F10%20PATRON
"Комплект передних тормозных накладок для VW Polo седан, SANGSIN",HiQ,шт,SP1595,4,3650.0,903.0,Не ограничена,"https://online.autodealer.ru/catalogs/nomenclature?class=NomenclatureDTO&id=15667908&search=%D0%9A%D0%BE%D0%BC%D0%BF%D0%BB%D0%B5%D0%BA%D1%82%20%D0%BF%D0%B5%D1%80%D0%B5%D0%B4%D0%BD%D0%B8%D1%85%20%D1%82%D0%BE%D1%80%D0%BC%D0%BE%D0%B7%D0%BD%D1%8B%D1%85%20%D0%BD%D0%B0%D0%BA%D0%BB%D0%B0%D0%B4%D0%BE%D0%BA%20%D0%B4%D0%BB%D1%8F%20VW%20Polo%20%D1%81%D0%B5%D0%B4%D0%B0%D0%BD,%20SANGSIN"
"Крепеж солнцезащитного козырька для VW Polo седан, VAG 6R0857561Y20",VAG,шт,6R0857561Y20,1,1850.0,725.0,Не ограничена,"https://online.autodealer.ru/catalogs/nomenclature?class=NomenclatureDTO&id=15668198&search=%D0%9A%D1%80%D0%B5%D0%BF%D0%B5%D0%B6%20%D1%81%D0%BE%D0%BB%D0%BD%D1%86%D0%B5%D0%B7%D0%B0%D1%89%D0%B8%D1%82%D0%BD%D0%BE%D0%B3%D0%BE%20%D0%BA%D0%BE%D0%B7%D1%8B%D1%80%D1%8C%D0%BA%D0%B0%20%D0%B4%D0%BB%D1%8F%20VW%20Polo%20%D1%81%D0%B5%D0%B4%D0%B0%D0%BD,%20VAG%206R0857561Y20"
"Кронштейн блока управления для VW Polo седан, VAG 6Q0906507",VAG,шт,6Q0906507,1,2890.0,1850.0,Не ограничена,"https://online.autodealer.ru/catalogs/nomenclature?class=NomenclatureDTO&id=15668188&search=%D0%9A%D1%80%D0%BE%D0%BD%D1%88%D1%82%D0%B5%D0%B9%D0%BD%20%D0%B1%D0%BB%D0%BE%D0%BA%D0%B0%20%D1%83%D0%BF%D1%80%D0%B0%D0%B2%D0%BB%D0%B5%D0%BD%D0%B8%D1%8F%20%D0%B4%D0%BB%D1%8F%20VW%20Polo%20%D1%81%D0%B5%D0%B4%D0%B0%D0%BD,%20VAG%206Q0906507"
"Кронштейн крепления переднего бампера и фары, левый для VW Polo седан, SAT ST-VWP6-000B-2",SAT,шт,STVWP6000B2,1,1250.0,365.0,Не ограничена,"https://online.autodealer.ru/catalogs/nomenclature?class=NomenclatureDTO&id=15668134&search=%D0%9A%D1%80%D0%BE%D0%BD%D1%88%D1%82%D0%B5%D0%B9%D0%BD%20%D0%BA%D1%80%D0%B5%D0%BF%D0%BB%D0%B5%D0%BD%D0%B8%D1%8F%20%D0%BF%D0%B5%D1%80%D0%B5%D0%B4%D0%BD%D0%B5%D0%B3%D0%BE%20%D0%B1%D0%B0%D0%BC%D0%BF%D0%B5%D1%80%D0%B0%20%D0%B8%20%D1%84%D0%B0%D1%80%D1%8B,%20%D0%BB%D0%B5%D0%B2%D1%8B%D0%B9%20%D0%B4%D0%BB%D1%8F%20VW%20Polo%20%D1%81%D0%B5%D0%B4%D0%B0%D0%BD,%20SAT%20ST-VWP6-000B-2"
"Комплект ремня ГРМ для а/м VW Polo, Skoda Rapid, CWVA 1,6 INA",INA,шт,530059211,2,8500.0,4867.0,Не ограничена,"https://online.autodealer.ru/catalogs/nomenclature?class=NomenclatureDTO&id=15667906&search=%D0%9A%D0%BE%D0%BC%D0%BF%D0%BB%D0%B5%D0%BA%D1%82%20%D1%80%D0%B5%D0%BC%D0%BD%D1%8F%20%D0%93%D0%A0%D0%9C%20%D0%B4%D0%BB%D1%8F%20%D0%B0%2F%D0%BC%20VW%20Polo,%20Skoda%20Rapid,%20CWVA%201,6%20INA"
Кольцо уплотнительное шайба CWVA VAG,VAG,шт,N0138157,54,290.0,14.75,Не ограничена,https://online.autodealer.ru/catalogs/nomenclature?class=NomenclatureDTO&id=15667834&search=%D0%9A%D0%BE%D0%BB%D1%8C%D1%86%D0%BE%20%D1%83%D0%BF%D0%BB%D0%BE%D1%82%D0%BD%D0%B8%D1%82%D0%B5%D0%BB%D1%8C%D0%BD%D0%BE%D0%B5%20%D1%88%D0%B0%D0%B9%D0%B1%D0%B0%20CWVA%20VAG
Катушка эл/магн. компрессора кондиционера для VW POLO LUZAR,,шт,LMCC 1801,1,4900.0,3505.0,Не ограничена,https://online.autodealer.ru/catalogs/nomenclature?class=NomenclatureDTO&id=17911580&search=%D0%9A%D0%B0%D1%82%D1%83%D1%88%D0%BA%D0%B0%20%D1%8D%D0%BB%2F%D0%BC%D0%B0%D0%B3%D0%BD.%20%D0%BA%D0%BE%D0%BC%D0%BF%D1%80%D0%B5%D1%81%D1%81%D0%BE%D1%80%D0%B0%20%D0%BA%D0%BE%D0%BD%D0%B4%D0%B8%D1%86%D0%B8%D0%BE%D0%BD%D0%B5%D1%80%D0%B0%20%D0%B4%D0%BB%D1%8F%20VW%20POLO%20LUZAR
К-кт прокладок кк BMW 11127588418,11127588418,шт,11127588418,1,6900.0,673.1,Не ограничена,https://online.autodealer.ru/catalogs/nomenclature?class=NomenclatureDTO&id=15667182&search=%D0%9A-%D0%BA%D1%82%20%D0%BF%D1%80%D0%BE%D0%BA%D0%BB%D0%B0%D0%B4%D0%BE%D0%BA%20%D0%BA%D0%BA%20BMW%2011127588418
"Клапан ВКГ (вентиляции картерных газов) для ДВС CFN, BORSEHUNG B19055 (замена 03C103201K)",BORSEHUNG,шт,B19055,1,3450.0,1863.0,Не ограничена,"https://online.autodealer.ru/catalogs/nomenclature?class=NomenclatureDTO&id=15667208&search=%D0%9A%D0%BB%D0%B0%D0%BF%D0%B0%D0%BD%20%D0%92%D0%9A%D0%93%20(%D0%B2%D0%B5%D0%BD%D1%82%D0%B8%D0%BB%D1%8F%D1%86%D0%B8%D0%B8%20%D0%BA%D0%B0%D1%80%D1%82%D0%B5%D1%80%D0%BD%D1%8B%D1%85%20%D0%B3%D0%B0%D0%B7%D0%BE%D0%B2)%20%D0%B4%D0%BB%D1%8F%20%D0%94%D0%92%D0%A1%20CFN,%20BORSEHUNG%20B19055%20(%D0%B7%D0%B0%D0%BC%D0%B5%D0%BD%D0%B0%2003C103201K)"
Клин стопорный задних барабанных тормозов,VAG,шт,171609705,6,490.0,225.0,Не ограничена,https://online.autodealer.ru/catalogs/nomenclature?class=NomenclatureDTO&id=15667201&search=%D0%9A%D0%BB%D0%B8%D0%BD%20%D1%81%D1%82%D0%BE%D0%BF%D0%BE%D1%80%D0%BD%D1%8B%D0%B9%20%D0%B7%D0%B0%D0%B4%D0%BD%D0%B8%D1%85%20%D0%B1%D0%B0%D1%80%D0%B0%D0%B1%D0%B0%D0%BD%D0%BD%D1%8B%D1%85%20%D1%82%D0%BE%D1%80%D0%BC%D0%BE%D0%B7%D0%BE%D0%B2
Клипса крепления обшивки двери VAG,,шт,7L6868243,10,150.0,73.0,Не ограничена,https://online.autodealer.ru/catalogs/nomenclature?class=NomenclatureDTO&id=19202154&search=%D0%9A%D0%BB%D0%B8%D0%BF%D1%81%D0%B0%20%D0%BA%D1%80%D0%B5%D0%BF%D0%BB%D0%B5%D0%BD%D0%B8%D1%8F%20%D0%BE%D0%B1%D1%88%D0%B8%D0%B2%D0%BA%D0%B8%20%D0%B4%D0%B2%D0%B5%D1%80%D0%B8%20VAG
"Кожух соединителя троса капота для VW Polo седан, VAG 6R0823347",VAG,шт,6R0823347,1,130.0,75.6,Не ограничена,"https://online.autodealer.ru/catalogs/nomenclature?class=NomenclatureDTO&id=15667285&search=%D0%9A%D0%BE%D0%B6%D1%83%D1%85%20%D1%81%D0%BE%D0%B5%D0%B4%D0%B8%D0%BD%D0%B8%D1%82%D0%B5%D0%BB%D1%8F%20%D1%82%D1%80%D0%BE%D1%81%D0%B0%20%D0%BA%D0%B0%D0%BF%D0%BE%D1%82%D0%B0%20%D0%B4%D0%BB%D1%8F%20VW%20Polo%20%D1%81%D0%B5%D0%B4%D0%B0%D0%BD,%20VAG%206R0823347"
Кожух тормозного диска передний левый для VW Polo седан VAG,,шт,6R0615311C,1,1980.0,1355.0,Не ограничена,https://online.autodealer.ru/catalogs/nomenclature?class=NomenclatureDTO&id=18636218&search=%D0%9A%D0%BE%D0%B6%D1%83%D1%85%20%D1%82%D0%BE%D1%80%D0%BC%D0%BE%D0%B7%D0%BD%D0%BE%D0%B3%D0%BE%20%D0%B4%D0%B8%D1%81%D0%BA%D0%B0%20%D0%BF%D0%B5%D1%80%D0%B5%D0%B4%D0%BD%D0%B8%D0%B9%20%D0%BB%D0%B5%D0%B2%D1%8B%D0%B9%20%D0%B4%D0%BB%D1%8F%20VW%20Polo%20%D1%81%D0%B5%D0%B4%D0%B0%D0%BD%20VAG
Комплект сцепления,Schaeffler LuK,шт,622 3336 00,1,19850.0,10036.15,Не ограничена,https://online.autodealer.ru/catalogs/nomenclature?class=NomenclatureDTO&id=15497038&search=%D0%9A%D0%BE%D0%BC%D0%BF%D0%BB%D0%B5%D0%BA%D1%82%20%D1%81%D1%86%D0%B5%D0%BF%D0%BB%D0%B5%D0%BD%D0%B8%D1%8F
"Комплект тормозных накладок для VW Jetta 1,6 SANGSIN SP2025 (1K0698151A)",Sangsin,шт,SP2025,2,3850.0,1294.3,Не ограничена,"https://online.autodealer.ru/catalogs/nomenclature?class=NomenclatureDTO&id=15668027&search=%D0%9A%D0%BE%D0%BC%D0%BF%D0%BB%D0%B5%D0%BA%D1%82%20%D1%82%D0%BE%D1%80%D0%BC%D0%BE%D0%B7%D0%BD%D1%8B%D1%85%20%D0%BD%D0%B0%D0%BA%D0%BB%D0%B0%D0%B4%D0%BE%D0%BA%20%D0%B4%D0%BB%D1%8F%20VW%20Jetta%201,6%20SANGSIN%20SP2025%20(1K0698151A)"
Комплект для замены масла в АКПП VW Polo 10-15,Meyle,шт,100 137 0001,3,4150.0,1738.0,Не ограничена,https://online.autodealer.ru/catalogs/nomenclature?class=NomenclatureDTO&id=15667809&search=%D0%9A%D0%BE%D0%BC%D0%BF%D0%BB%D0%B5%D0%BA%D1%82%20%D0%B4%D0%BB%D1%8F%20%D0%B7%D0%B0%D0%BC%D0%B5%D0%BD%D1%8B%20%D0%BC%D0%B0%D1%81%D0%BB%D0%B0%20%D0%B2%20%D0%90%D0%9A%D0%9F%D0%9F%20VW%20Polo%2010-15
"Колодки тормозные задние барабанные, для VW Polo,TEXTAR",Textar,шт,91052400,2,5750.0,2581.0,Не ограничена,"https://online.autodealer.ru/catalogs/nomenclature?class=NomenclatureDTO&id=15667513&search=%D0%9A%D0%BE%D0%BB%D0%BE%D0%B4%D0%BA%D0%B8%20%D1%82%D0%BE%D1%80%D0%BC%D0%BE%D0%B7%D0%BD%D1%8B%D0%B5%20%D0%B7%D0%B0%D0%B4%D0%BD%D0%B8%D0%B5%20%D0%B1%D0%B0%D1%80%D0%B0%D0%B1%D0%B0%D0%BD%D0%BD%D1%8B%D0%B5,%20%D0%B4%D0%BB%D1%8F%20VW%20Polo,TEXTAR"
"Колодки тормозные задние, для VW Polo седан, NiBK",NiBK,шт,FN33002,2,5750.0,2693.0,Не ограничена,"https://online.autodealer.ru/catalogs/nomenclature?class=NomenclatureDTO&id=15667505&search=%D0%9A%D0%BE%D0%BB%D0%BE%D0%B4%D0%BA%D0%B8%20%D1%82%D0%BE%D1%80%D0%BC%D0%BE%D0%B7%D0%BD%D1%8B%D0%B5%20%D0%B7%D0%B0%D0%B4%D0%BD%D0%B8%D0%B5,%20%D0%B4%D0%BB%D1%8F%20VW%20Polo%20%D1%81%D0%B5%D0%B4%D0%B0%D0%BD,%20NiBK"
Комплект ремня ГРМ,CONTINENTAL CTAM,шт,CT1167K1,2,17250.0,9028.34,Не ограничена,https://online.autodealer.ru/catalogs/nomenclature?class=NomenclatureDTO&id=15497039&search=%D0%9A%D0%BE%D0%BC%D0%BF%D0%BB%D0%B5%D0%BA%D1%82%20%D1%80%D0%B5%D0%BC%D0%BD%D1%8F%20%D0%93%D0%A0%D0%9C
Комплект тормозных накладок для VW Polo седан,HiQ,шт,SP1701,1,3950.0,1471.44,Не ограничена,https://online.autodealer.ru/catalogs/nomenclature?class=NomenclatureDTO&id=15668028&search=%D0%9A%D0%BE%D0%BC%D0%BF%D0%BB%D0%B5%D0%BA%D1%82%20%D1%82%D0%BE%D1%80%D0%BC%D0%BE%D0%B7%D0%BD%D1%8B%D1%85%20%D0%BD%D0%B0%D0%BA%D0%BB%D0%B0%D0%B4%D0%BE%D0%BA%20%D0%B4%D0%BB%D1%8F%20VW%20Polo%20%D1%81%D0%B5%D0%B4%D0%B0%D0%BD
Комплект передних тормозных накладок CWVA,HiQ,шт,SP1692,3,5250.0,1598.0,Не ограничена,https://online.autodealer.ru/catalogs/nomenclature?class=NomenclatureDTO&id=15667920&search=%D0%9A%D0%BE%D0%BC%D0%BF%D0%BB%D0%B5%D0%BA%D1%82%20%D0%BF%D0%B5%D1%80%D0%B5%D0%B4%D0%BD%D0%B8%D1%85%20%D1%82%D0%BE%D1%80%D0%BC%D0%BE%D0%B7%D0%BD%D1%8B%D1%85%20%D0%BD%D0%B0%D0%BA%D0%BB%D0%B0%D0%B4%D0%BE%D0%BA%20CWVA
Колодки тормозные задние для дисковых тормозов Polo седан SANGSIN,HiQ,шт,SP1391,5,3750.0,834.0,Не ограничена,https://online.autodealer.ru/catalogs/nomenclature?class=NomenclatureDTO&id=15667640&search=%D0%9A%D0%BE%D0%BB%D0%BE%D0%B4%D0%BA%D0%B8%20%D1%82%D0%BE%D1%80%D0%BC%D0%BE%D0%B7%D0%BD%D1%8B%D0%B5%20%D0%B7%D0%B0%D0%B4%D0%BD%D0%B8%D0%B5%20%D0%B4%D0%BB%D1%8F%20%D0%B4%D0%B8%D1%81%D0%BA%D0%BE%D0%B2%D1%8B%D1%85%20%D1%82%D0%BE%D1%80%D0%BC%D0%BE%D0%B7%D0%BE%D0%B2%20Polo%20%D1%81%D0%B5%D0%B4%D0%B0%D0%BD%20SANGSIN
Кольцо уплотнит. трубопровода системы охлаждения для VW Polo седан VAG 03C121666,VAG,шт,03C121666,1,720.0,386.46,Не ограничена,https://online.autodealer.ru/catalogs/nomenclature?class=NomenclatureDTO&id=15667831&search=%D0%9A%D0%BE%D0%BB%D1%8C%D1%86%D0%BE%20%D1%83%D0%BF%D0%BB%D0%BE%D1%82%D0%BD%D0%B8%D1%82.%20%D1%82%D1%80%D1%83%D0%B1%D0%BE%D0%BF%D1%80%D0%BE%D0%B2%D0%BE%D0%B4%D0%B0%20%D1%81%D0%B8%D1%81%D1%82%D0%B5%D0%BC%D1%8B%20%D0%BE%D1%85%D0%BB%D0%B0%D0%B6%D0%B4%D0%B5%D0%BD%D0%B8%D1%8F%20%D0%B4%D0%BB%D1%8F%20VW%20Polo%20%D1%81%D0%B5%D0%B4%D0%B0%D0%BD%20VAG%2003C121666
Колодки тормозные передние,NiBK,шт,PN0348W,1,4950.0,3281.0,Не ограничена,https://online.autodealer.ru/catalogs/nomenclature?class=NomenclatureDTO&id=18198050&search=%D0%9A%D0%BE%D0%BB%D0%BE%D0%B4%D0%BA%D0%B8%20%D1%82%D0%BE%D1%80%D0%BC%D0%BE%D0%B7%D0%BD%D1%8B%D0%B5%20%D0%BF%D0%B5%D1%80%D0%B5%D0%B4%D0%BD%D0%B8%D0%B5
Комплект прокладок клапанной крышки BMW F 3.5 (N55 B30) 2011-,Erling,шт,299.770,1,3700.0,500.0,Не ограничена,https://online.autodealer.ru/catalogs/nomenclature?class=NomenclatureDTO&id=17627688&search=%D0%9A%D0%BE%D0%BC%D0%BF%D0%BB%D0%B5%D0%BA%D1%82%20%D0%BF%D1%80%D0%BE%D0%BA%D0%BB%D0%B0%D0%B4%D0%BE%D0%BA%20%D0%BA%D0%BB%D0%B0%D0%BF%D0%B0%D0%BD%D0%BD%D0%BE%D0%B9%20%D0%BA%D1%80%D1%8B%D1%88%D0%BA%D0%B8%20BMW%20F%203.5%20(N55%20B30)%202011-
"Кольцо уплотнител., сливной пробки поддона АКПП VAG",VAG,шт,09D321181B,30,350.0,35.9,Не ограничена,"https://online.autodealer.ru/catalogs/nomenclature?class=NomenclatureDTO&id=15667653&search=%D0%9A%D0%BE%D0%BB%D1%8C%D1%86%D0%BE%20%D1%83%D0%BF%D0%BB%D0%BE%D1%82%D0%BD%D0%B8%D1%82%D0%B5%D0%BB.,%20%D1%81%D0%BB%D0%B8%D0%B2%D0%BD%D0%BE%D0%B9%20%D0%BF%D1%80%D0%BE%D0%B1%D0%BA%D0%B8%20%D0%BF%D0%BE%D0%B4%D0%B4%D0%BE%D0%BD%D0%B0%20%D0%90%D0%9A%D0%9F%D0%9F%20VAG"
"Комплект пыльников и отбойников передних амортизаторов VW Polo седан, Skoda Rapid Kayaba 910154",KAYABA,шт,910154,2,2350.0,1389.0,Не ограничена,"https://online.autodealer.ru/catalogs/nomenclature?class=NomenclatureDTO&id=15667914&search=%D0%9A%D0%BE%D0%BC%D0%BF%D0%BB%D0%B5%D0%BA%D1%82%20%D0%BF%D1%8B%D0%BB%D1%8C%D0%BD%D0%B8%D0%BA%D0%BE%D0%B2%20%D0%B8%20%D0%BE%D1%82%D0%B1%D0%BE%D0%B9%D0%BD%D0%B8%D0%BA%D0%BE%D0%B2%20%D0%BF%D0%B5%D1%80%D0%B5%D0%B4%D0%BD%D0%B8%D1%85%20%D0%B0%D0%BC%D0%BE%D1%80%D1%82%D0%B8%D0%B7%D0%B0%D1%82%D0%BE%D1%80%D0%BE%D0%B2%20VW%20Polo%20%D1%81%D0%B5%D0%B4%D0%B0%D0%BD,%20Skoda%20Rapid%20Kayaba%20910154"
Комплект установочный тормозных колодок VAG 3D0615231,VAG,шт,3D0615231,8,390.0,240.0,Не ограничена,https://online.autodealer.ru/catalogs/nomenclature?class=NomenclatureDTO&id=15667974&search=%D0%9A%D0%BE%D0%BC%D0%BF%D0%BB%D0%B5%D0%BA%D1%82%20%D1%83%D1%81%D1%82%D0%B0%D0%BD%D0%BE%D0%B2%D0%BE%D1%87%D0%BD%D1%8B%D0%B9%20%D1%82%D0%BE%D1%80%D0%BC%D0%BE%D0%B7%D0%BD%D1%8B%D1%85%20%D0%BA%D0%BE%D0%BB%D0%BE%D0%B4%D0%BE%D0%BA%20VAG%203D0615231
Консервант подкапотного пространства Shine Systems MotorCare,Shine,шт,,0,950.0,0.0,Не ограничена,https://online.autodealer.ru/catalogs/nomenclature?class=NomenclatureDTO&id=17940778&search=%D0%9A%D0%BE%D0%BD%D1%81%D0%B5%D1%80%D0%B2%D0%B0%D0%BD%D1%82%20%D0%BF%D0%BE%D0%B4%D0%BA%D0%B0%D0%BF%D0%BE%D1%82%D0%BD%D0%BE%D0%B3%D0%BE%20%D0%BF%D1%80%D0%BE%D1%81%D1%82%D1%80%D0%B0%D0%BD%D1%81%D1%82%D0%B2%D0%B0%20Shine%20Systems%20MotorCare
Контактная группа замка зажигания Skoda Octavia Vika,,шт,99051597501,1,680.0,367.17,Не ограничена,https://online.autodealer.ru/catalogs/nomenclature?class=NomenclatureDTO&id=18631022&search=%D0%9A%D0%BE%D0%BD%D1%82%D0%B0%D0%BA%D1%82%D0%BD%D0%B0%D1%8F%20%D0%B3%D1%80%D1%83%D0%BF%D0%BF%D0%B0%20%D0%B7%D0%B0%D0%BC%D0%BA%D0%B0%20%D0%B7%D0%B0%D0%B6%D0%B8%D0%B3%D0%B0%D0%BD%D0%B8%D1%8F%20Skoda%20Octavia%20Vika
"Корпус термостата для VW Polo седан, LUZAR",LUZAR,шт,LT 1853,2,6950.0,3198.0,Не ограничена,"https://online.autodealer.ru/catalogs/nomenclature?class=NomenclatureDTO&id=15668209&search=%D0%9A%D0%BE%D1%80%D0%BF%D1%83%D1%81%20%D1%82%D0%B5%D1%80%D0%BC%D0%BE%D1%81%D1%82%D0%B0%D1%82%D0%B0%20%D0%B4%D0%BB%D1%8F%20VW%20Polo%20%D1%81%D0%B5%D0%B4%D0%B0%D0%BD,%20LUZAR"
Корпус термостата для а/м VW Polo седан CWVA LUZAR,LUZAR,шт,LT 1821,1,5550.0,3695.0,Не ограничена,https://online.autodealer.ru/catalogs/nomenclature?class=NomenclatureDTO&id=24944483&search=%D0%9A%D0%BE%D1%80%D0%BF%D1%83%D1%81%20%D1%82%D0%B5%D1%80%D0%BC%D0%BE%D1%81%D1%82%D0%B0%D1%82%D0%B0%20%D0%B4%D0%BB%D1%8F%20%D0%B0%2F%D0%BC%20VW%20Polo%20%D1%81%D0%B5%D0%B4%D0%B0%D0%BD%20CWVA%20LUZAR
Корпус термостата для а/м VW Polo седан CWVA QUATTRO FRENI,,шт,QF15A00238,1,6350.0,3035.46,Не ограничена,https://online.autodealer.ru/catalogs/nomenclature?class=NomenclatureDTO&id=17628689&search=%D0%9A%D0%BE%D1%80%D0%BF%D1%83%D1%81%20%D1%82%D0%B5%D1%80%D0%BC%D0%BE%D1%81%D1%82%D0%B0%D1%82%D0%B0%20%D0%B4%D0%BB%D1%8F%20%D0%B0%2F%D0%BC%20VW%20Polo%20%D1%81%D0%B5%D0%B4%D0%B0%D0%BD%20CWVA%20QUATTRO%20FRENI
"Кронштейн крепления переднего бампера и фары, правый для VW Polo седан, SAT ST-VWP6-000B-1",SAT,шт,STVWP6000B1,1,1250.0,365.0,Не ограничена,"https://online.autodealer.ru/catalogs/nomenclature?class=NomenclatureDTO&id=15668206&search=%D0%9A%D1%80%D0%BE%D0%BD%D1%88%D1%82%D0%B5%D0%B9%D0%BD%20%D0%BA%D1%80%D0%B5%D0%BF%D0%BB%D0%B5%D0%BD%D0%B8%D1%8F%20%D0%BF%D0%B5%D1%80%D0%B5%D0%B4%D0%BD%D0%B5%D0%B3%D0%BE%20%D0%B1%D0%B0%D0%BC%D0%BF%D0%B5%D1%80%D0%B0%20%D0%B8%20%D1%84%D0%B0%D1%80%D1%8B,%20%D0%BF%D1%80%D0%B0%D0%B2%D1%8B%D0%B9%20%D0%B4%D0%BB%D1%8F%20VW%20Polo%20%D1%81%D0%B5%D0%B4%D0%B0%D0%BD,%20SAT%20ST-VWP6-000B-1"
"Кронштейн опорный ручки капота для VW Polo седан, VAG",VAG,шт,6R1823633,1,1970.0,577.0,Не ограничена,"https://online.autodealer.ru/catalogs/nomenclature?class=NomenclatureDTO&id=15668213&search=%D0%9A%D1%80%D0%BE%D0%BD%D1%88%D1%82%D0%B5%D0%B9%D0%BD%20%D0%BE%D0%BF%D0%BE%D1%80%D0%BD%D1%8B%D0%B9%20%D1%80%D1%83%D1%87%D0%BA%D0%B8%20%D0%BA%D0%B0%D0%BF%D0%BE%D1%82%D0%B0%20%D0%B4%D0%BB%D1%8F%20VW%20Polo%20%D1%81%D0%B5%D0%B4%D0%B0%D0%BD,%20VAG"
"Лампа 12v 16W T16, BOSCH 1987302821",Bosch,шт,1987302821,3,60.0,25.0,Не ограничена,"https://online.autodealer.ru/catalogs/nomenclature?class=NomenclatureDTO&id=15668399&search=%D0%9B%D0%B0%D0%BC%D0%BF%D0%B0%2012v%2016W%20T16,%20BOSCH%201987302821"
Лампа HB4 OSRAM 9006,Osram,шт,9006,2,470.0,328.28,Не ограничена,https://online.autodealer.ru/catalogs/nomenclature?class=NomenclatureDTO&id=15668472&search=%D0%9B%D0%B0%D0%BC%D0%BF%D0%B0%20HB4%20OSRAM%209006
Лампа R5W 12V BA15S LYNXauto L14505,,шт,,10,60.0,19.9,Не ограничена,https://online.autodealer.ru/catalogs/nomenclature?class=NomenclatureDTO&id=16822974&search=%D0%9B%D0%B0%D0%BC%D0%BF%D0%B0%20R5W%2012V%20BA15S%20LYNXauto%20L14505
Лампа W5W12 BEHR-HELLA 8GP003594-121,HELLA,шт,8GP003594121,22,60.0,21.85,Не ограничена,https://online.autodealer.ru/catalogs/nomenclature?class=NomenclatureDTO&id=15668480&search=%D0%9B%D0%B0%D0%BC%D0%BF%D0%B0%20W5W12%20BEHR-HELLA%208GP003594-121
Лампа накаливания P21/4W для VW Jetta LYNX L14021,LYNXauto,шт,L14021,5,70.0,39.7,Не ограничена,https://online.autodealer.ru/catalogs/nomenclature?class=NomenclatureDTO&id=15668471&search=%D0%9B%D0%B0%D0%BC%D0%BF%D0%B0%20%D0%BD%D0%B0%D0%BA%D0%B0%D0%BB%D0%B8%D0%B2%D0%B0%D0%BD%D0%B8%D1%8F%20P21%2F4W%20%D0%B4%D0%BB%D1%8F%20VW%20Jetta%20LYNX%20L14021
Масло моторное синтетическое Liqui Moly Optimal Synth 5W-40 1л,LIQUI MOLY,шт,3925,2,1850.0,1116.0,Не ограничена,https://online.autodealer.ru/catalogs/nomenclature?class=NomenclatureDTO&id=15668599&search=%D0%9C%D0%B0%D1%81%D0%BB%D0%BE%20%D0%BC%D0%BE%D1%82%D0%BE%D1%80%D0%BD%D0%BE%D0%B5%20%D1%81%D0%B8%D0%BD%D1%82%D0%B5%D1%82%D0%B8%D1%87%D0%B5%D1%81%D0%BA%D0%BE%D0%B5%20Liqui%20Moly%20Optimal%20Synth%205W-40%201%D0%BB
"Наконечник рулевой тяги правый для VW Polo седан, LEMFOERDER",LEMFÖRDER,шт,26670 02,2,3250.0,1220.1,Не ограничена,"https://online.autodealer.ru/catalogs/nomenclature?class=NomenclatureDTO&id=15669028&search=%D0%9D%D0%B0%D0%BA%D0%BE%D0%BD%D0%B5%D1%87%D0%BD%D0%B8%D0%BA%20%D1%80%D1%83%D0%BB%D0%B5%D0%B2%D0%BE%D0%B9%20%D1%82%D1%8F%D0%B3%D0%B8%20%D0%BF%D1%80%D0%B0%D0%B2%D1%8B%D0%B9%20%D0%B4%D0%BB%D1%8F%20VW%20Polo%20%D1%81%D0%B5%D0%B4%D0%B0%D0%BD,%20LEMFOERDER"
Опора шаровая левая/правая RENAULT MEGANE CTR,,шт,CB0530,1,2690.0,1897.0,Не ограничена,https://online.autodealer.ru/catalogs/nomenclature?class=NomenclatureDTO&id=22773458&search=%D0%9E%D0%BF%D0%BE%D1%80%D0%B0%20%D1%88%D0%B0%D1%80%D0%BE%D0%B2%D0%B0%D1%8F%20%D0%BB%D0%B5%D0%B2%D0%B0%D1%8F%2F%D0%BF%D1%80%D0%B0%D0%B2%D0%B0%D1%8F%20RENAULT%20MEGANE%20CTR
"Подшипник ступицы (перед) для VW Polo седан, NTN-SNR",NTN-SNR,шт,XMGB40899R04,2,8250.0,3926.79,Не ограничена,"https://online.autodealer.ru/catalogs/nomenclature?class=NomenclatureDTO&id=15669900&search=%D0%9F%D0%BE%D0%B4%D1%88%D0%B8%D0%BF%D0%BD%D0%B8%D0%BA%20%D1%81%D1%82%D1%83%D0%BF%D0%B8%D1%86%D1%8B%20(%D0%BF%D0%B5%D1%80%D0%B5%D0%B4)%20%D0%B4%D0%BB%D1%8F%20VW%20Polo%20%D1%81%D0%B5%D0%B4%D0%B0%D0%BD,%20NTN-SNR"
"Поперечная рулевая тяга для VW Polo седан, VAG 6RD423810",VAG,шт,6RD423810,1,5450.0,3396.66,Не ограничена,"https://online.autodealer.ru/catalogs/nomenclature?class=NomenclatureDTO&id=15669909&search=%D0%9F%D0%BE%D0%BF%D0%B5%D1%80%D0%B5%D1%87%D0%BD%D0%B0%D1%8F%20%D1%80%D1%83%D0%BB%D0%B5%D0%B2%D0%B0%D1%8F%20%D1%82%D1%8F%D0%B3%D0%B0%20%D0%B4%D0%BB%D1%8F%20VW%20Polo%20%D1%81%D0%B5%D0%B4%D0%B0%D0%BD,%20VAG%206RD423810"
Патрон лампы ходового огня VW Polo VAG с 2015 6R0953123A,VAG,шт,6R0953123A,1,1950.0,1262.0,Не ограничена,https://online.autodealer.ru/catalogs/nomenclature?class=NomenclatureDTO&id=15669559&search=%D0%9F%D0%B0%D1%82%D1%80%D0%BE%D0%BD%20%D0%BB%D0%B0%D0%BC%D0%BF%D1%8B%20%D1%85%D0%BE%D0%B4%D0%BE%D0%B2%D0%BE%D0%B3%D0%BE%20%D0%BE%D0%B3%D0%BD%D1%8F%20VW%20Polo%20VAG%20%D1%81%202015%206R0953123A
Опора амортизатора заднего для а/м VW Polo седан Lemforder 3526901 (замена 6R0513353),LEMFORDER,шт,3526901,4,1890.0,937.0,Не ограничена,https://online.autodealer.ru/catalogs/nomenclature?class=NomenclatureDTO&id=15669269&search=%D0%9E%D0%BF%D0%BE%D1%80%D0%B0%20%D0%B0%D0%BC%D0%BE%D1%80%D1%82%D0%B8%D0%B7%D0%B0%D1%82%D0%BE%D1%80%D0%B0%20%D0%B7%D0%B0%D0%B4%D0%BD%D0%B5%D0%B3%D0%BE%20%D0%B4%D0%BB%D1%8F%20%D0%B0%2F%D0%BC%20VW%20Polo%20%D1%81%D0%B5%D0%B4%D0%B0%D0%BD%20Lemforder%203526901%20(%D0%B7%D0%B0%D0%BC%D0%B5%D0%BD%D0%B0%206R0513353)
"Подшипник стойки опорный для VW Polo седан, LEMFOERDER",Lemfoerder,шт,3695601,12,1650.0,572.46,Не ограничена,"https://online.autodealer.ru/catalogs/nomenclature?class=NomenclatureDTO&id=15669707&search=%D0%9F%D0%BE%D0%B4%D1%88%D0%B8%D0%BF%D0%BD%D0%B8%D0%BA%20%D1%81%D1%82%D0%BE%D0%B9%D0%BA%D0%B8%20%D0%BE%D0%BF%D0%BE%D1%80%D0%BD%D1%8B%D0%B9%20%D0%B4%D0%BB%D1%8F%20VW%20Polo%20%D1%81%D0%B5%D0%B4%D0%B0%D0%BD,%20LEMFOERDER"
"Подшипник ступицы задней для VW Polo седан, SKF",SKF,шт,VKBA3456,2,8350.0,4575.0,Не ограничена,"https://online.autodealer.ru/catalogs/nomenclature?class=NomenclatureDTO&id=15669796&search=%D0%9F%D0%BE%D0%B4%D1%88%D0%B8%D0%BF%D0%BD%D0%B8%D0%BA%20%D1%81%D1%82%D1%83%D0%BF%D0%B8%D1%86%D1%8B%20%D0%B7%D0%B0%D0%B4%D0%BD%D0%B5%D0%B9%20%D0%B4%D0%BB%D1%8F%20VW%20Polo%20%D1%81%D0%B5%D0%B4%D0%B0%D0%BD,%20SKF"
Подшипник ступицы задней оси для VW Polo седан QUARTZ QZ6RU501611B,Quartz,шт,QZ6RU501611B,2,5750.0,1924.0,Не ограничена,https://online.autodealer.ru/catalogs/nomenclature?class=NomenclatureDTO&id=15669771&search=%D0%9F%D0%BE%D0%B4%D1%88%D0%B8%D0%BF%D0%BD%D0%B8%D0%BA%20%D1%81%D1%82%D1%83%D0%BF%D0%B8%D1%86%D1%8B%20%D0%B7%D0%B0%D0%B4%D0%BD%D0%B5%D0%B9%20%D0%BE%D1%81%D0%B8%20%D0%B4%D0%BB%D1%8F%20VW%20Polo%20%D1%81%D0%B5%D0%B4%D0%B0%D0%BD%20QUARTZ%20QZ6RU501611B
Подшипник ступицы пер. Nissan Terrano Pilenga,,шт,PWP4124,1,2950.0,1923.0,Не ограничена,https://online.autodealer.ru/catalogs/nomenclature?class=NomenclatureDTO&id=18509048&search=%D0%9F%D0%BE%D0%B4%D1%88%D0%B8%D0%BF%D0%BD%D0%B8%D0%BA%20%D1%81%D1%82%D1%83%D0%BF%D0%B8%D1%86%D1%8B%20%D0%BF%D0%B5%D1%80.%20Nissan%20Terrano%20Pilenga
"Подкладка под задн. пружину верх для VW Polo седан, FEBI",FEBI BILSTEIN,шт,26620,6,950.0,247.0,Не ограничена,"https://online.autodealer.ru/catalogs/nomenclature?class=NomenclatureDTO&id=15669690&search=%D0%9F%D0%BE%D0%B4%D0%BA%D0%BB%D0%B0%D0%B4%D0%BA%D0%B0%20%D0%BF%D0%BE%D0%B4%20%D0%B7%D0%B0%D0%B4%D0%BD.%20%D0%BF%D1%80%D1%83%D0%B6%D0%B8%D0%BD%D1%83%20%D0%B2%D0%B5%D1%80%D1%85%20%D0%B4%D0%BB%D1%8F%20VW%20Polo%20%D1%81%D0%B5%D0%B4%D0%B0%D0%BD,%20FEBI"
"Очиститель кондиционера пенный Антибактериальный LAVR,",Lavr,шт,LN1750,1,430.0,341.0,Не ограничена,"https://online.autodealer.ru/catalogs/nomenclature?class=NomenclatureDTO&id=17882262&search=%D0%9E%D1%87%D0%B8%D1%81%D1%82%D0%B8%D1%82%D0%B5%D0%BB%D1%8C%20%D0%BA%D0%BE%D0%BD%D0%B4%D0%B8%D1%86%D0%B8%D0%BE%D0%BD%D0%B5%D1%80%D0%B0%20%D0%BF%D0%B5%D0%BD%D0%BD%D1%8B%D0%B9%20%D0%90%D0%BD%D1%82%D0%B8%D0%B1%D0%B0%D0%BA%D1%82%D0%B5%D1%80%D0%B8%D0%B0%D0%BB%D1%8C%D0%BD%D1%8B%D0%B9%20LAVR,"
"Очиститель поверхности радиатора LAVR PRO LINE, пенный",Lavr,шт,LN2032,1,790.0,483.52,Не ограничена,"https://online.autodealer.ru/catalogs/nomenclature?class=NomenclatureDTO&id=16151178&search=%D0%9E%D1%87%D0%B8%D1%81%D1%82%D0%B8%D1%82%D0%B5%D0%BB%D1%8C%20%D0%BF%D0%BE%D0%B2%D0%B5%D1%80%D1%85%D0%BD%D0%BE%D1%81%D1%82%D0%B8%20%D1%80%D0%B0%D0%B4%D0%B8%D0%B0%D1%82%D0%BE%D1%80%D0%B0%20LAVR%20PRO%20LINE,%20%D0%BF%D0%B5%D0%BD%D0%BD%D1%8B%D0%B9"
Панель передняя (телевизор) для VW Polo седан VAG,VAG,шт,6RU805588F,1,19950.0,9345.0,Не ограничена,https://online.autodealer.ru/catalogs/nomenclature?class=NomenclatureDTO&id=15669503&search=%D0%9F%D0%B0%D0%BD%D0%B5%D0%BB%D1%8C%20%D0%BF%D0%B5%D1%80%D0%B5%D0%B4%D0%BD%D1%8F%D1%8F%20(%D1%82%D0%B5%D0%BB%D0%B5%D0%B2%D0%B8%D0%B7%D0%BE%D1%80)%20%D0%B4%D0%BB%D1%8F%20VW%20Polo%20%D1%81%D0%B5%D0%B4%D0%B0%D0%BD%20VAG
Пенный очиститель деталей ДВС,ВМПАВТО,шт,,0,950.0,0.0,Не ограничена,https://online.autodealer.ru/catalogs/nomenclature?class=NomenclatureDTO&id=17940745&search=%D0%9F%D0%B5%D0%BD%D0%BD%D1%8B%D0%B9%20%D0%BE%D1%87%D0%B8%D1%81%D1%82%D0%B8%D1%82%D0%B5%D0%BB%D1%8C%20%D0%B4%D0%B5%D1%82%D0%B0%D0%BB%D0%B5%D0%B9%20%D0%94%D0%92%D0%A1
Поддон ДВС QUATTROFRENI,QUATTROFRENI,шт,QF04A00034,1,9750.0,4919.0,Не ограничена,https://online.autodealer.ru/catalogs/nomenclature?class=NomenclatureDTO&id=15669698&search=%D0%9F%D0%BE%D0%B4%D0%B4%D0%BE%D0%BD%20%D0%94%D0%92%D0%A1%20QUATTROFRENI
Опора стойки амортизатора,LYNXauto,шт,MA-1124LR,2,830.0,865.0,Не ограничена,https://online.autodealer.ru/catalogs/nomenclature?class=NomenclatureDTO&id=16542904&search=%D0%9E%D0%BF%D0%BE%D1%80%D0%B0%20%D1%81%D1%82%D0%BE%D0%B9%D0%BA%D0%B8%20%D0%B0%D0%BC%D0%BE%D1%80%D1%82%D0%B8%D0%B7%D0%B0%D1%82%D0%BE%D1%80%D0%B0
"Насос системы охлаждения (помпа) для VW Polo седан, DOLZ",DOLZ,шт,A218,2,4480.0,1784.75,Не ограничена,"https://online.autodealer.ru/catalogs/nomenclature?class=NomenclatureDTO&id=15669101&search=%D0%9D%D0%B0%D1%81%D0%BE%D1%81%20%D1%81%D0%B8%D1%81%D1%82%D0%B5%D0%BC%D1%8B%20%D0%BE%D1%85%D0%BB%D0%B0%D0%B6%D0%B4%D0%B5%D0%BD%D0%B8%D1%8F%20(%D0%BF%D0%BE%D0%BC%D0%BF%D0%B0)%20%D0%B4%D0%BB%D1%8F%20VW%20Polo%20%D1%81%D0%B5%D0%B4%D0%B0%D0%BD,%20DOLZ"
"Поддон масляный (картер) для VW Polo седан, QUATTRO FRENI QF04A00038 (замена 04E103600E)",QUATTRO,шт,QF04A00038,1,6280.0,4183.4,Не ограничена,"https://online.autodealer.ru/catalogs/nomenclature?class=NomenclatureDTO&id=15669699&search=%D0%9F%D0%BE%D0%B4%D0%B4%D0%BE%D0%BD%20%D0%BC%D0%B0%D1%81%D0%BB%D1%8F%D0%BD%D1%8B%D0%B9%20(%D0%BA%D0%B0%D1%80%D1%82%D0%B5%D1%80)%20%D0%B4%D0%BB%D1%8F%20VW%20Polo%20%D1%81%D0%B5%D0%B4%D0%B0%D0%BD,%20QUATTRO%20FRENI%20QF04A00038%20(%D0%B7%D0%B0%D0%BC%D0%B5%D0%BD%D0%B0%2004E103600E)"
Подшипник опорный VAG 5Q0412249E,VAG,шт,5Q0412249E,2,3200.0,1612.0,Не ограничена,https://online.autodealer.ru/catalogs/nomenclature?class=NomenclatureDTO&id=15669788&search=%D0%9F%D0%BE%D0%B4%D1%88%D0%B8%D0%BF%D0%BD%D0%B8%D0%BA%20%D0%BE%D0%BF%D0%BE%D1%80%D0%BD%D1%8B%D0%B9%20VAG%205Q0412249E
"Предохранитель 10А, VAG на VW Polo седан (с 2010 г.в. по н.в.), N01713111",VAG,шт,N01713111,50,80.0,3.72,Не ограничена,"https://online.autodealer.ru/catalogs/nomenclature?class=NomenclatureDTO&id=15669908&search=%D0%9F%D1%80%D0%B5%D0%B4%D0%BE%D1%85%D1%80%D0%B0%D0%BD%D0%B8%D1%82%D0%B5%D0%BB%D1%8C%2010%D0%90,%20VAG%20%D0%BD%D0%B0%20VW%20Polo%20%D1%81%D0%B5%D0%B4%D0%B0%D0%BD%20(%D1%81%202010%20%D0%B3.%D0%B2.%20%D0%BF%D0%BE%20%D0%BD.%D0%B2.),%20N01713111"
"Предохранитель 15А, VAG на VW Polo седан (с 2010 г.в. по н.в.), N01713112",VAG,шт,N01713112,45,80.0,3.72,Не ограничена,"https://online.autodealer.ru/catalogs/nomenclature?class=NomenclatureDTO&id=15669905&search=%D0%9F%D1%80%D0%B5%D0%B4%D0%BE%D1%85%D1%80%D0%B0%D0%BD%D0%B8%D1%82%D0%B5%D0%BB%D1%8C%2015%D0%90,%20VAG%20%D0%BD%D0%B0%20VW%20Polo%20%D1%81%D0%B5%D0%B4%D0%B0%D0%BD%20(%D1%81%202010%20%D0%B3.%D0%B2.%20%D0%BF%D0%BE%20%D0%BD.%D0%B2.),%20N01713112"
"Предохранитель 20 А, VAG на VW Polo седан (с 2010 г.в. по н.в.), N01713113",AMOS POLO,шт,N01713113,49,80.0,3.72,Не ограничена,"https://online.autodealer.ru/catalogs/nomenclature?class=NomenclatureDTO&id=15669866&search=%D0%9F%D1%80%D0%B5%D0%B4%D0%BE%D1%85%D1%80%D0%B0%D0%BD%D0%B8%D1%82%D0%B5%D0%BB%D1%8C%2020%20%D0%90,%20VAG%20%D0%BD%D0%B0%20VW%20Polo%20%D1%81%D0%B5%D0%B4%D0%B0%D0%BD%20(%D1%81%202010%20%D0%B3.%D0%B2.%20%D0%BF%D0%BE%20%D0%BD.%D0%B2.),%20N01713113"
Предохранитель 5-30А флажковый MICRO 2 комплект 10шт. AVS,,шт,A07448S,9,80.0,20.89,Не ограничена,https://online.autodealer.ru/catalogs/nomenclature?class=NomenclatureDTO&id=21285465&search=%D0%9F%D1%80%D0%B5%D0%B4%D0%BE%D1%85%D1%80%D0%B0%D0%BD%D0%B8%D1%82%D0%B5%D0%BB%D1%8C%205-30%D0%90%20%D1%84%D0%BB%D0%B0%D0%B6%D0%BA%D0%BE%D0%B2%D1%8B%D0%B9%20MICRO%202%20%D0%BA%D0%BE%D0%BC%D0%BF%D0%BB%D0%B5%D0%BA%D1%82%2010%D1%88%D1%82.%20AVS
"Приводной ремень помпы для а/м Polo седан, Skoda Rapid (CWVA) 110-90 л.с., DAYCO",DAYCO,шт,941081,3,2850.0,660.96,Не ограничена,"https://online.autodealer.ru/catalogs/nomenclature?class=NomenclatureDTO&id=15670037&search=%D0%9F%D1%80%D0%B8%D0%B2%D0%BE%D0%B4%D0%BD%D0%BE%D0%B9%20%D1%80%D0%B5%D0%BC%D0%B5%D0%BD%D1%8C%20%D0%BF%D0%BE%D0%BC%D0%BF%D1%8B%20%D0%B4%D0%BB%D1%8F%20%D0%B0%2F%D0%BC%20Polo%20%D1%81%D0%B5%D0%B4%D0%B0%D0%BD,%20Skoda%20Rapid%20(CWVA)%20110-90%20%D0%BB.%D1%81.,%20DAYCO"
Присадка VAG G001770A2,VAG,шт,G001770A2,1,2450.0,1266.0,Не ограничена,https://online.autodealer.ru/catalogs/nomenclature?class=NomenclatureDTO&id=15670029&search=%D0%9F%D1%80%D0%B8%D1%81%D0%B0%D0%B4%D0%BA%D0%B0%20VAG%20G001770A2
Пробка масл. поддона с кольцом FEBI 103344 (замена N91167901),FEBI,шт,103344,1,380.0,247.11,Не ограничена,https://online.autodealer.ru/catalogs/nomenclature?class=NomenclatureDTO&id=15670008&search=%D0%9F%D1%80%D0%BE%D0%B1%D0%BA%D0%B0%20%D0%BC%D0%B0%D1%81%D0%BB.%20%D0%BF%D0%BE%D0%B4%D0%B4%D0%BE%D0%BD%D0%B0%20%D1%81%20%D0%BA%D0%BE%D0%BB%D1%8C%D1%86%D0%BE%D0%BC%20FEBI%20103344%20(%D0%B7%D0%B0%D0%BC%D0%B5%D0%BD%D0%B0%20N91167901)
Пробка сливная масляного поддона VAG 06L103801D,VAG,шт,06L103801D,1,650.0,418.0,Не ограничена,https://online.autodealer.ru/catalogs/nomenclature?class=NomenclatureDTO&id=15670025&search=%D0%9F%D1%80%D0%BE%D0%B1%D0%BA%D0%B0%20%D1%81%D0%BB%D0%B8%D0%B2%D0%BD%D0%B0%D1%8F%20%D0%BC%D0%B0%D1%81%D0%BB%D1%8F%D0%BD%D0%BE%D0%B3%D0%BE%20%D0%BF%D0%BE%D0%B4%D0%B4%D0%BE%D0%BD%D0%B0%20VAG%2006L103801D
Прокладка трубы выпуска ОГ для VW Polo седан VAG,VAG,шт,6Q0253115A,1,950.0,378.0,Не ограничена,https://online.autodealer.ru/catalogs/nomenclature?class=NomenclatureDTO&id=15670208&search=%D0%9F%D1%80%D0%BE%D0%BA%D0%BB%D0%B0%D0%B4%D0%BA%D0%B0%20%D1%82%D1%80%D1%83%D0%B1%D1%8B%20%D0%B2%D1%8B%D0%BF%D1%83%D1%81%D0%BA%D0%B0%20%D0%9E%D0%93%20%D0%B4%D0%BB%D1%8F%20VW%20Polo%20%D1%81%D0%B5%D0%B4%D0%B0%D0%BD%20VAG
"Радиатор печки для VW Polo седан,",LUZAR,шт,LRH1853,1,6450.0,2913.0,Не ограничена,"https://online.autodealer.ru/catalogs/nomenclature?class=NomenclatureDTO&id=15670405&search=%D0%A0%D0%B0%D0%B4%D0%B8%D0%B0%D1%82%D0%BE%D1%80%20%D0%BF%D0%B5%D1%87%D0%BA%D0%B8%20%D0%B4%D0%BB%D1%8F%20VW%20Polo%20%D1%81%D0%B5%D0%B4%D0%B0%D0%BD,%20Luzar"
Ролик натяжной ремня (с кондиционером) для VW Polo,Schaeffler INA,шт,534 0065 10,3,6350.0,2989.02,Не ограничена,https://online.autodealer.ru/catalogs/nomenclature?class=NomenclatureDTO&id=15670811&search=%D0%A0%D0%BE%D0%BB%D0%B8%D0%BA%20%D0%BD%D0%B0%D1%82%D1%8F%D0%B6%D0%BD%D0%BE%D0%B9%20%D1%80%D0%B5%D0%BC%D0%BD%D1%8F%20(%D1%81%20%D0%BA%D0%BE%D0%BD%D0%B4%D0%B8%D1%86%D0%B8%D0%BE%D0%BD%D0%B5%D1%80%D0%BE%D0%BC)%20%D0%B4%D0%BB%D1%8F%20VW%20Polo
"Ролик обводной ремня ГРМ для а/м Polo, Jetta, Rapid, Octavia 110, 125 л.с., (CWVA, CZCA), VAG",VAG,шт,04E109244B,4,7690.0,3673.0,Не ограничена,"https://online.autodealer.ru/catalogs/nomenclature?class=NomenclatureDTO&id=15670736&search=%D0%A0%D0%BE%D0%BB%D0%B8%D0%BA%20%D0%BE%D0%B1%D0%B2%D0%BE%D0%B4%D0%BD%D0%BE%D0%B9%20%D1%80%D0%B5%D0%BC%D0%BD%D1%8F%20%D0%93%D0%A0%D0%9C%20%D0%B4%D0%BB%D1%8F%20%D0%B0%2F%D0%BC%20Polo,%20Jetta,%20Rapid,%20Octavia%20110,%20125%20%D0%BB.%D1%81.,%20(CWVA,%20CZCA),%20VAG"
"Ролик обводной ремня для VW Polo седан, INA",Schaeffler INA,шт,532 0346 10,3,3450.0,1068.23,Не ограничена,"https://online.autodealer.ru/catalogs/nomenclature?class=NomenclatureDTO&id=15670910&search=%D0%A0%D0%BE%D0%BB%D0%B8%D0%BA%20%D0%BE%D0%B1%D0%B2%D0%BE%D0%B4%D0%BD%D0%BE%D0%B9%20%D1%80%D0%B5%D0%BC%D0%BD%D1%8F%20%D0%B4%D0%BB%D1%8F%20VW%20Polo%20%D1%81%D0%B5%D0%B4%D0%B0%D0%BD,%20INA"
рычаг MB C-CLASS(W205)/E-CLASS (W213) /GLC(W253) 12- перед.,FEBI BILSTEIN,шт,176678,1,15730.0,9766.36,Не ограничена,https://online.autodealer.ru/catalogs/nomenclature?class=NomenclatureDTO&id=16909329&search=%D1%80%D1%8B%D1%87%D0%B0%D0%B3%20MB%20C-CLASS(W205)%2FE-CLASS%20(W213)%20%2FGLC(W253)%2012-%20%D0%BF%D0%B5%D1%80%D0%B5%D0%B4.
"Ремень ГРМ для а/м Polo седан, Skoda Rapid, Octavia (CWVA) 110-90 л.с., VAG",VAG,шт,04E109119,5,9520.0,6331.14,Не ограничена,"https://online.autodealer.ru/catalogs/nomenclature?class=NomenclatureDTO&id=15670505&search=%D0%A0%D0%B5%D0%BC%D0%B5%D0%BD%D1%8C%20%D0%93%D0%A0%D0%9C%20%D0%B4%D0%BB%D1%8F%20%D0%B0%2F%D0%BC%20Polo%20%D1%81%D0%B5%D0%B4%D0%B0%D0%BD,%20Skoda%20Rapid,%20Octavia%20(CWVA)%20110-90%20%D0%BB.%D1%81.,%20VAG"
Пыльник ШРУСа для а/м Hyundai Solaris (10-)/(17-) (наруж.компл хомуты/смазка/крепеж) (CR),TRIALLI,шт,FG0806,1,1200.0,739.0,Не ограничена,https://online.autodealer.ru/catalogs/nomenclature?class=NomenclatureDTO&id=17234524&search=%D0%9F%D1%8B%D0%BB%D1%8C%D0%BD%D0%B8%D0%BA%20%D0%A8%D0%A0%D0%A3%D0%A1%D0%B0%20%D0%B4%D0%BB%D1%8F%20%D0%B0%2F%D0%BC%20Hyundai%20Solaris%20(10-)%2F(17-)%20(%D0%BD%D0%B0%D1%80%D1%83%D0%B6.%D0%BA%D0%BE%D0%BC%D0%BF%D0%BB%20%D1%85%D0%BE%D0%BC%D1%83%D1%82%D1%8B%2F%D1%81%D0%BC%D0%B0%D0%B7%D0%BA%D0%B0%2F%D0%BA%D1%80%D0%B5%D0%BF%D0%B5%D0%B6)%20(CR)
Прокладка выпускного коллектора для VW Polo седан VAG,VAG,шт,03C253039H,2,1180.0,575.0,Не ограничена,https://online.autodealer.ru/catalogs/nomenclature?class=NomenclatureDTO&id=15670110&search=%D0%9F%D1%80%D0%BE%D0%BA%D0%BB%D0%B0%D0%B4%D0%BA%D0%B0%20%D0%B2%D1%8B%D0%BF%D1%83%D1%81%D0%BA%D0%BD%D0%BE%D0%B3%D0%BE%20%D0%BA%D0%BE%D0%BB%D0%BB%D0%B5%D0%BA%D1%82%D0%BE%D1%80%D0%B0%20%D0%B4%D0%BB%D1%8F%20VW%20Polo%20%D1%81%D0%B5%D0%B4%D0%B0%D0%BD%20VAG
"Прокладка для VW Polo седан, VAG",VAG,шт,03C109293,6,390.0,213.0,Не ограничена,"https://online.autodealer.ru/catalogs/nomenclature?class=NomenclatureDTO&id=15670133&search=%D0%9F%D1%80%D0%BE%D0%BA%D0%BB%D0%B0%D0%B4%D0%BA%D0%B0%20%D0%B4%D0%BB%D1%8F%20VW%20Polo%20%D1%81%D0%B5%D0%B4%D0%B0%D0%BD,%20VAG"
"Прокладка, крышки изменения фаз CFN",ELRING,шт,092.750,3,2350.0,1118.57,Не ограничена,"https://online.autodealer.ru/catalogs/nomenclature?class=NomenclatureDTO&id=15787968&search=%D0%9F%D1%80%D0%BE%D0%BA%D0%BB%D0%B0%D0%B4%D0%BA%D0%B0,%20%D0%BA%D1%80%D1%8B%D1%88%D0%BA%D0%B8%20%D0%B8%D0%B7%D0%BC%D0%B5%D0%BD%D0%B5%D0%BD%D0%B8%D1%8F%20%D1%84%D0%B0%D0%B7%20CFN"
Прокладка крышки изменения фаз для VW Polo седан VAG,VAG,шт,03C109287G,1,4040.0,2633.0,Не ограничена,https://online.autodealer.ru/catalogs/nomenclature?class=NomenclatureDTO&id=15670132&search=%D0%9F%D1%80%D0%BE%D0%BA%D0%BB%D0%B0%D0%B4%D0%BA%D0%B0%20%D0%BA%D1%80%D1%8B%D1%88%D0%BA%D0%B8%20%D0%B8%D0%B7%D0%BC%D0%B5%D0%BD%D0%B5%D0%BD%D0%B8%D1%8F%20%D1%84%D0%B0%D0%B7%20%D0%B4%D0%BB%D1%8F%20VW%20Polo%20%D1%81%D0%B5%D0%B4%D0%B0%D0%BD%20VAG
"Прокладка поддона масл. АКПП для а/м VW Polo седан, J+P Group",JP Group,шт,1132102500,5,1550.0,766.34,Не ограничена,"https://online.autodealer.ru/catalogs/nomenclature?class=NomenclatureDTO&id=15670039&search=%D0%9F%D1%80%D0%BE%D0%BA%D0%BB%D0%B0%D0%B4%D0%BA%D0%B0%20%D0%BF%D0%BE%D0%B4%D0%B4%D0%BE%D0%BD%D0%B0%20%D0%BC%D0%B0%D1%81%D0%BB.%20%D0%90%D0%9A%D0%9F%D0%9F%20%D0%B4%D0%BB%D1%8F%20%D0%B0%2F%D0%BC%20VW%20Polo%20%D1%81%D0%B5%D0%B4%D0%B0%D0%BD,%20J%2BP%20Group"
"Прокладка помпы для а/м Polo седан, Skoda Rapid (CWVA) 110-90 л.с., VAG 04E121119AM",VAG,шт,04E121119B,1,790.0,367.0,Не ограничена,"https://online.autodealer.ru/catalogs/nomenclature?class=NomenclatureDTO&id=15670125&search=%D0%9F%D1%80%D0%BE%D0%BA%D0%BB%D0%B0%D0%B4%D0%BA%D0%B0%20%D0%BF%D0%BE%D0%BC%D0%BF%D1%8B%20%D0%B4%D0%BB%D1%8F%20%D0%B0%2F%D0%BC%20Polo%20%D1%81%D0%B5%D0%B4%D0%B0%D0%BD,%20Skoda%20Rapid%20(CWVA)%20110-90%20%D0%BB.%D1%81.,%20VAG%2004E121119AM"
"Пружина заднего амортизатора для VW Polo седан,STELLOX",STELLOX,шт,10-22480-SX,4,3300.0,671.55,Не ограничена,"https://online.autodealer.ru/catalogs/nomenclature?class=NomenclatureDTO&id=15670226&search=%D0%9F%D1%80%D1%83%D0%B6%D0%B8%D0%BD%D0%B0%20%D0%B7%D0%B0%D0%B4%D0%BD%D0%B5%D0%B3%D0%BE%20%D0%B0%D0%BC%D0%BE%D1%80%D1%82%D0%B8%D0%B7%D0%B0%D1%82%D0%BE%D1%80%D0%B0%20%D0%B4%D0%BB%D1%8F%20VW%20Polo%20%D1%81%D0%B5%D0%B4%D0%B0%D0%BD,STELLOX"
Ремень приводной (генератора) для VW Polo седан CONTITECH 6PK1090,CONTITECH,шт,6PK1090,1,2650.0,1018.92,Не ограничена,https://online.autodealer.ru/catalogs/nomenclature?class=NomenclatureDTO&id=15670565&search=%D0%A0%D0%B5%D0%BC%D0%B5%D0%BD%D1%8C%20%D0%BF%D1%80%D0%B8%D0%B2%D0%BE%D0%B4%D0%BD%D0%BE%D0%B9%20(%D0%B3%D0%B5%D0%BD%D0%B5%D1%80%D0%B0%D1%82%D0%BE%D1%80%D0%B0)%20%D0%B4%D0%BB%D1%8F%20VW%20Polo%20%D1%81%D0%B5%D0%B4%D0%B0%D0%BD%20CONTITECH%206PK1090
Рем. комплект направляющих суппортов для VW Polo FRENKIT,FRENKIT,шт,810093,4,1150.0,475.49,Не ограничена,https://online.autodealer.ru/catalogs/nomenclature?class=NomenclatureDTO&id=15670603&search=%D0%A0%D0%B5%D0%BC.%20%D0%BA%D0%BE%D0%BC%D0%BF%D0%BB%D0%B5%D0%BA%D1%82%20%D0%BD%D0%B0%D0%BF%D1%80%D0%B0%D0%B2%D0%BB%D1%8F%D1%8E%D1%89%D0%B8%D1%85%20%D1%81%D1%83%D0%BF%D0%BF%D0%BE%D1%80%D1%82%D0%BE%D0%B2%20%D0%B4%D0%BB%D1%8F%20VW%20Polo%20FRENKIT
Расходники,,шт,,85,0.0,1275.0,Не ограничена,https://online.autodealer.ru/catalogs/nomenclature?class=NomenclatureDTO&id=16192789&search=%D0%A0%D0%B0%D1%81%D1%85%D0%BE%D0%B4%D0%BD%D0%B8%D0%BA%D0%B8
Пружинная защелка 03C121142,VAG,шт,03C121142,1,890.0,478.0,Не ограничена,https://online.autodealer.ru/catalogs/nomenclature?class=NomenclatureDTO&id=15670303&search=%D0%9F%D1%80%D1%83%D0%B6%D0%B8%D0%BD%D0%BD%D0%B0%D1%8F%20%D0%B7%D0%B0%D1%89%D0%B5%D0%BB%D0%BA%D0%B0%2003C121142
"Пыльник шруса наружний для VW Polo седан, VAG",VAG,шт,6R0498203,2,4950.0,1561.5,Не ограничена,"https://online.autodealer.ru/catalogs/nomenclature?class=NomenclatureDTO&id=15670230&search=%D0%9F%D1%8B%D0%BB%D1%8C%D0%BD%D0%B8%D0%BA%20%D1%88%D1%80%D1%83%D1%81%D0%B0%20%D0%BD%D0%B0%D1%80%D1%83%D0%B6%D0%BD%D0%B8%D0%B9%20%D0%B4%D0%BB%D1%8F%20VW%20Polo%20%D1%81%D0%B5%D0%B4%D0%B0%D0%BD,%20VAG"
"Пыльник ШРУС внутренний АКПП для VW Polo седан,VAG",VAG,шт,6QD498201,2,5980.0,3121.0,Не ограничена,"https://online.autodealer.ru/catalogs/nomenclature?class=NomenclatureDTO&id=15670264&search=%D0%9F%D1%8B%D0%BB%D1%8C%D0%BD%D0%B8%D0%BA%20%D0%A8%D0%A0%D0%A3%D0%A1%20%D0%B2%D0%BD%D1%83%D1%82%D1%80%D0%B5%D0%BD%D0%BD%D0%B8%D0%B9%20%D0%90%D0%9A%D0%9F%D0%9F%20%D0%B4%D0%BB%D1%8F%20VW%20Polo%20%D1%81%D0%B5%D0%B4%D0%B0%D0%BD,VAG"
Пыльник шрус наружний VAG 6R0498203A,VAG,шт,6R0498203A,1,3800.0,2337.0,Не ограничена,https://online.autodealer.ru/catalogs/nomenclature?class=NomenclatureDTO&id=15670415&search=%D0%9F%D1%8B%D0%BB%D1%8C%D0%BD%D0%B8%D0%BA%20%D1%88%D1%80%D1%83%D1%81%20%D0%BD%D0%B0%D1%80%D1%83%D0%B6%D0%BD%D0%B8%D0%B9%20VAG%206R0498203A
Радиатор охлаждения для VW Polo седан,Termal,шт,5440012,2,7450.0,1750.0,Не ограничена,https://online.autodealer.ru/catalogs/nomenclature?class=NomenclatureDTO&id=15670351&search=%D0%A0%D0%B0%D0%B4%D0%B8%D0%B0%D1%82%D0%BE%D1%80%20%D0%BE%D1%85%D0%BB%D0%B0%D0%B6%D0%B4%D0%B5%D0%BD%D0%B8%D1%8F%20%D0%B4%D0%BB%D1%8F%20VW%20Polo%20%D1%81%D0%B5%D0%B4%D0%B0%D0%BD%20Termal
"Рейка рулевая для VW Polo седан, FENOX SR16536",FENOX,шт,SR16536,1,24450.0,15026.0,Не ограничена,"https://online.autodealer.ru/catalogs/nomenclature?class=NomenclatureDTO&id=15670461&search=%D0%A0%D0%B5%D0%B9%D0%BA%D0%B0%20%D1%80%D1%83%D0%BB%D0%B5%D0%B2%D0%B0%D1%8F%20%D0%B4%D0%BB%D1%8F%20VW%20Polo%20%D1%81%D0%B5%D0%B4%D0%B0%D0%BD,%20FENOX%20SR16536"
"Ролик натяжной ремня ГРМ CWVA 1,6 VAG",VAG,шт,04E109479AA,4,11910.0,5861.0,Не ограничена,"https://online.autodealer.ru/catalogs/nomenclature?class=NomenclatureDTO&id=15670808&search=%D0%A0%D0%BE%D0%BB%D0%B8%D0%BA%20%D0%BD%D0%B0%D1%82%D1%8F%D0%B6%D0%BD%D0%BE%D0%B9%20%D1%80%D0%B5%D0%BC%D0%BD%D1%8F%20%D0%93%D0%A0%D0%9C%20CWVA%201,6%20VAG"
"Ролик натяжной ремня для VW Polo седан, GATES T38209 (без кондиционера)",AMOS POLO,шт,T38209,1,5850.0,3866.25,Не ограничена,"https://online.autodealer.ru/catalogs/nomenclature?class=NomenclatureDTO&id=15670751&search=%D0%A0%D0%BE%D0%BB%D0%B8%D0%BA%20%D0%BD%D0%B0%D1%82%D1%8F%D0%B6%D0%BD%D0%BE%D0%B9%20%D1%80%D0%B5%D0%BC%D0%BD%D1%8F%20%D0%B4%D0%BB%D1%8F%20VW%20Polo%20%D1%81%D0%B5%D0%B4%D0%B0%D0%BD,%20GATES%20T38209%20(%D0%B1%D0%B5%D0%B7%20%D0%BA%D0%BE%D0%BD%D0%B4%D0%B8%D1%86%D0%B8%D0%BE%D0%BD%D0%B5%D1%80%D0%B0)"
"Ремень приводной (генератора) для для а/м Polo седан, Skoda Rapid (CWVA, CWVB) 110-90л.с., VAG",VAG,шт,04C260849E,3,2950.0,1980.8,Не ограничена,"https://online.autodealer.ru/catalogs/nomenclature?class=NomenclatureDTO&id=15670515&search=%D0%A0%D0%B5%D0%BC%D0%B5%D0%BD%D1%8C%20%D0%BF%D1%80%D0%B8%D0%B2%D0%BE%D0%B4%D0%BD%D0%BE%D0%B9%20(%D0%B3%D0%B5%D0%BD%D0%B5%D1%80%D0%B0%D1%82%D0%BE%D1%80%D0%B0)%20%D0%B4%D0%BB%D1%8F%20%D0%B4%D0%BB%D1%8F%20%D0%B0%2F%D0%BC%20Polo%20%D1%81%D0%B5%D0%B4%D0%B0%D0%BD,%20Skoda%20Rapid%20(CWVA,%20CWVB)%20110-90%D0%BB.%D1%81.,%20VAG"
Ремень приводной (генератора) ( для машин с кондиц) для VW Polo седан CONTITECH,CONTINENTAL CTAM,шт,6PK1733,3,2740.0,1347.9,Не ограничена,https://online.autodealer.ru/catalogs/nomenclature?class=NomenclatureDTO&id=15670569&search=%D0%A0%D0%B5%D0%BC%D0%B5%D0%BD%D1%8C%20%D0%BF%D1%80%D0%B8%D0%B2%D0%BE%D0%B4%D0%BD%D0%BE%D0%B9%20(%D0%B3%D0%B5%D0%BD%D0%B5%D1%80%D0%B0%D1%82%D0%BE%D1%80%D0%B0)%20(%20%D0%B4%D0%BB%D1%8F%20%D0%BC%D0%B0%D1%88%D0%B8%D0%BD%20%D1%81%20%D0%BA%D0%BE%D0%BD%D0%B4%D0%B8%D1%86)%20%D0%B4%D0%BB%D1%8F%20VW%20Polo%20%D1%81%D0%B5%D0%B4%D0%B0%D0%BD%20CONTITECH
Рем. комплект корпуса фары левой для VW Polo седан SAT ST-6R0998225,SAT,шт,ST6R0998225,3,900.0,160.0,Не ограничена,https://online.autodealer.ru/catalogs/nomenclature?class=NomenclatureDTO&id=15670588&search=%D0%A0%D0%B5%D0%BC.%20%D0%BA%D0%BE%D0%BC%D0%BF%D0%BB%D0%B5%D0%BA%D1%82%20%D0%BA%D0%BE%D1%80%D0%BF%D1%83%D1%81%D0%B0%20%D1%84%D0%B0%D1%80%D1%8B%20%D0%BB%D0%B5%D0%B2%D0%BE%D0%B9%20%D0%B4%D0%BB%D1%8F%20VW%20Polo%20%D1%81%D0%B5%D0%B4%D0%B0%D0%BD%20SAT%20ST-6R0998225
Рем.комплект корпуса фары правой для VW Polo седан SAT ST-6R0998226,SAT,шт,ST6R0998226,3,900.0,160.0,Не ограничена,https://online.autodealer.ru/catalogs/nomenclature?class=NomenclatureDTO&id=15670510&search=%D0%A0%D0%B5%D0%BC.%D0%BA%D0%BE%D0%BC%D0%BF%D0%BB%D0%B5%D0%BA%D1%82%20%D0%BA%D0%BE%D1%80%D0%BF%D1%83%D1%81%D0%B0%20%D1%84%D0%B0%D1%80%D1%8B%20%D0%BF%D1%80%D0%B0%D0%B2%D0%BE%D0%B9%20%D0%B4%D0%BB%D1%8F%20VW%20Polo%20%D1%81%D0%B5%D0%B4%D0%B0%D0%BD%20SAT%20ST-6R0998226
"Ролик натяжной ремня генератора для а/м Polo, Rapid (CWVA) 110-90 л.с",Schaeffler INA,шт,531 0871 10,2,5690.0,3962.58,Не ограничена,"https://online.autodealer.ru/catalogs/nomenclature?class=NomenclatureDTO&id=15670805&search=%D0%A0%D0%BE%D0%BB%D0%B8%D0%BA%20%D0%BD%D0%B0%D1%82%D1%8F%D0%B6%D0%BD%D0%BE%D0%B9%20%D1%80%D0%B5%D0%BC%D0%BD%D1%8F%20%D0%B3%D0%B5%D0%BD%D0%B5%D1%80%D0%B0%D1%82%D0%BE%D1%80%D0%B0%20%D0%B4%D0%BB%D1%8F%20%D0%B0%2F%D0%BC%20Polo,%20Rapid%20(CWVA)%20110-90%20%D0%BB.%D1%81"
Рычаг нижний левый для VW Polo седан CTR,CTR,шт,CQ0343L,3,4980.0,2982.7,Не ограничена,https://online.autodealer.ru/catalogs/nomenclature?class=NomenclatureDTO&id=15670836&search=%D0%A0%D1%8B%D1%87%D0%B0%D0%B3%20%D0%BD%D0%B8%D0%B6%D0%BD%D0%B8%D0%B9%20%D0%BB%D0%B5%D0%B2%D1%8B%D0%B9%20%D0%B4%D0%BB%D1%8F%20VW%20Polo%20%D1%81%D0%B5%D0%B4%D0%B0%D0%BD%20CTR
"Рычаг нижний правый для VW Polo седан, CTR",CTR,шт,CQ0343R,3,4980.0,2982.7,Не ограничена,"https://online.autodealer.ru/catalogs/nomenclature?class=NomenclatureDTO&id=15670901&search=%D0%A0%D1%8B%D1%87%D0%B0%D0%B3%20%D0%BD%D0%B8%D0%B6%D0%BD%D0%B8%D0%B9%20%D0%BF%D1%80%D0%B0%D0%B2%D1%8B%D0%B9%20%D0%B4%D0%BB%D1%8F%20VW%20Polo%20%D1%81%D0%B5%D0%B4%D0%B0%D0%BD,%20CTR"
Рычаг подвески задний Suzuki лев/прав,LYNXauto,шт,C5507LR,2,3830.0,2641.64,Не ограничена,https://online.autodealer.ru/catalogs/nomenclature?class=NomenclatureDTO&id=21574842&search=%D0%A0%D1%8B%D1%87%D0%B0%D0%B3%20%D0%BF%D0%BE%D0%B4%D0%B2%D0%B5%D1%81%D0%BA%D0%B8%20%D0%B7%D0%B0%D0%B4%D0%BD%D0%B8%D0%B9%20Suzuki%20%D0%BB%D0%B5%D0%B2%2F%D0%BF%D1%80%D0%B0%D0%B2
"Втулка, шток вилки переключения передач",BORSEHUNG,шт,B19123,1,3600.0,1047.04,Не ограничена,"https://online.autodealer.ru/catalogs/nomenclature?class=NomenclatureDTO&id=15670912&search=%D0%A0%D1%8B%D1%87%D0%B0%D0%B3%20%D0%BF%D1%80%D0%BE%D0%BC%D0%B5%D0%B6%D1%83%D1%82%D0%BE%D1%87%D0%BD%D1%8B%D0%B9%20%D0%9C%D0%9A%D0%9F%20%D0%B4%D0%BB%D1%8F%20VW%20Polo,%20BORSEHUNG"
179579,FEBI BILSTEIN,шт,179579,1,0.0,9628.89,Не ограничена,https://online.autodealer.ru/catalogs/nomenclature?class=NomenclatureDTO&id=23902045&search=%D1%80%D1%8B%D1%87%D0%B0%D0%B3%20%D0%A2%D0%95%D0%A1%D0%9B%D0%90%20L
179581,FEBI BILSTEIN,шт,179581,1,0.0,8461.89,Не ограничена,https://online.autodealer.ru/catalogs/nomenclature?class=NomenclatureDTO&id=23902069&search=%D1%80%D1%8B%D1%87%D0%B0%D0%B3%20%D0%A2%D0%95%D0%A1%D0%9B%D0%90%20R
"Сайлентблок задней балки для VW Polo,",VAG,шт,6R0501541A,2,1980.0,1142.0,Не ограничена,"https://online.autodealer.ru/catalogs/nomenclature?class=NomenclatureDTO&id=15670988&search=%D0%A1%D0%B0%D0%B9%D0%BB%D0%B5%D0%BD%D1%82%D0%B1%D0%BB%D0%BE%D0%BA%20%D0%B7%D0%B0%D0%B4%D0%BD%D0%B5%D0%B9%20%D0%B1%D0%B0%D0%BB%D0%BA%D0%B8%20%D0%B4%D0%BB%D1%8F%20VW%20Polo,"
"Свеча зажигания VW Polo седан, Bosch 0242236565",Bosch,шт,0242236565,32,820.0,222.5,Не ограничена,"https://online.autodealer.ru/catalogs/nomenclature?class=NomenclatureDTO&id=15671181&search=%D0%A1%D0%B2%D0%B5%D1%87%D0%B0%20%D0%B7%D0%B0%D0%B6%D0%B8%D0%B3%D0%B0%D0%BD%D0%B8%D1%8F%20VW%20Polo%20%D1%81%D0%B5%D0%B4%D0%B0%D0%BD,%20Bosch%200242236565"
Ступица передняя SNR,SNR,шт,R15461,1,11580.0,6081.74,Не ограничена,https://online.autodealer.ru/catalogs/nomenclature?class=NomenclatureDTO&id=15671503&search=%D0%A1%D1%82%D1%83%D0%BF%D0%B8%D1%86%D0%B0%20%D0%BF%D0%B5%D1%80%D0%B5%D0%B4%D0%BD%D1%8F%D1%8F%20SNR
Колесный тормозной цилиндр,TRW,шт,BWD113,2,2490.0,722.0,Не ограничена,https://online.autodealer.ru/catalogs/nomenclature?class=NomenclatureDTO&id=15671674&search=%D0%A2%D0%BE%D1%80%D0%BC%D0%BE%D0%B7%D0%BD%D0%BE%D0%B9%20%D1%86%D0%B8%D0%BB%D0%B8%D0%BD%D0%B4%D1%80%20%D0%B7%D0%B0%D0%B4%D0%BD%D0%B8%D0%B9%20%D0%B4%D0%BB%D1%8F%20VW%20Polo%20TRW
"Уплотнительное кольцо для VW Polo седан, VAG",VAG,шт,3D0260749C,5,430.0,264.0,Не ограничена,"https://online.autodealer.ru/catalogs/nomenclature?class=NomenclatureDTO&id=15672028&search=%D0%A3%D0%BF%D0%BB%D0%BE%D1%82%D0%BD%D0%B8%D1%82%D0%B5%D0%BB%D1%8C%D0%BD%D0%BE%D0%B5%20%D0%BA%D0%BE%D0%BB%D1%8C%D1%86%D0%BE%20%D0%B4%D0%BB%D1%8F%20VW%20Polo%20%D1%81%D0%B5%D0%B4%D0%B0%D0%BD,%20VAG"
"Уплотнительное кольцо для VW Polo седан, VAG",VAG,шт,N90903201,3,650.0,202.0,Не ограничена,"https://online.autodealer.ru/catalogs/nomenclature?class=NomenclatureDTO&id=15672072&search=%D0%A3%D0%BF%D0%BB%D0%BE%D1%82%D0%BD%D0%B8%D1%82%D0%B5%D0%BB%D1%8C%D0%BD%D0%BE%D0%B5%20%D0%BA%D0%BE%D0%BB%D1%8C%D1%86%D0%BE%20%D0%B4%D0%BB%D1%8F%20VW%20Polo%20%D1%81%D0%B5%D0%B4%D0%B0%D0%BD,%20VAG"
"Уплотнительное кольцо для VW Polo седан, VAG",VAG,шт,4E0260749A,5,380.0,56.0,Не ограничена,"https://online.autodealer.ru/catalogs/nomenclature?class=NomenclatureDTO&id=15672073&search=%D0%A3%D0%BF%D0%BB%D0%BE%D1%82%D0%BD%D0%B8%D1%82%D0%B5%D0%BB%D1%8C%D0%BD%D0%BE%D0%B5%20%D0%BA%D0%BE%D0%BB%D1%8C%D1%86%D0%BE%20%D0%B4%D0%BB%D1%8F%20VW%20Polo%20%D1%81%D0%B5%D0%B4%D0%B0%D0%BD,%20VAG"
"Трос замка капота для VW Polo, VAG",VAG,шт,6R1823531C,1,4800.0,3187.0,Не ограничена,"https://online.autodealer.ru/catalogs/nomenclature?class=NomenclatureDTO&id=15671843&search=%D0%A2%D1%80%D0%BE%D1%81%20%D0%B7%D0%B0%D0%BC%D0%BA%D0%B0%20%D0%BA%D0%B0%D0%BF%D0%BE%D1%82%D0%B0%20%D0%B4%D0%BB%D1%8F%20VW%20Polo,%20VAG"
"Топливный фильтр с регулятором давления для VW Polo, седан, Jetta VAG",VAG,шт,6Q0201051J,1,3650.0,2070.0,Не ограничена,"https://online.autodealer.ru/catalogs/nomenclature?class=NomenclatureDTO&id=15671570&search=%D0%A2%D0%BE%D0%BF%D0%BB%D0%B8%D0%B2%D0%BD%D1%8B%D0%B9%20%D1%84%D0%B8%D0%BB%D1%8C%D1%82%D1%80%20%D1%81%20%D1%80%D0%B5%D0%B3%D1%83%D0%BB%D1%8F%D1%82%D0%BE%D1%80%D0%BE%D0%BC%20%D0%B4%D0%B0%D0%B2%D0%BB%D0%B5%D0%BD%D0%B8%D1%8F%20%D0%B4%D0%BB%D1%8F%20VW%20Polo,%20%D1%81%D0%B5%D0%B4%D0%B0%D0%BD,%20Jetta%20VAG"
"Свеча зажигания VW Polo седан, VAG",VAG,шт,101905617C,4,1550.0,721.25,Не ограничена,"https://online.autodealer.ru/catalogs/nomenclature?class=NomenclatureDTO&id=15671106&search=%D0%A1%D0%B2%D0%B5%D1%87%D0%B0%20%D0%B7%D0%B0%D0%B6%D0%B8%D0%B3%D0%B0%D0%BD%D0%B8%D1%8F%20VW%20Polo%20%D1%81%D0%B5%D0%B4%D0%B0%D0%BD,%20VAG"
"Сайлентблок переднего рычага задний для VW Jetta (с 2010 г.в. по н.в.), LEMFOERDER 3572501",LEMFORDER,шт,3572501,2,1980.0,850.0,Не ограничена,"https://online.autodealer.ru/catalogs/nomenclature?class=NomenclatureDTO&id=15671080&search=%D0%A1%D0%B0%D0%B9%D0%BB%D0%B5%D0%BD%D1%82%D0%B1%D0%BB%D0%BE%D0%BA%20%D0%BF%D0%B5%D1%80%D0%B5%D0%B4%D0%BD%D0%B5%D0%B3%D0%BE%20%D1%80%D1%8B%D1%87%D0%B0%D0%B3%D0%B0%20%D0%B7%D0%B0%D0%B4%D0%BD%D0%B8%D0%B9%20%D0%B4%D0%BB%D1%8F%20VW%20Jetta%20(%D1%81%202010%20%D0%B3.%D0%B2.%20%D0%BF%D0%BE%20%D0%BD.%D0%B2.),%20LEMFOERDER%203572501"
"Сайлентблок переднего рычага задний для VW Polo седан, LEMFOERDER 2111301",LEMFORDER,шт,2111301,4,1350.0,524.28,Не ограничена,"https://online.autodealer.ru/catalogs/nomenclature?class=NomenclatureDTO&id=15671095&search=%D0%A1%D0%B0%D0%B9%D0%BB%D0%B5%D0%BD%D1%82%D0%B1%D0%BB%D0%BE%D0%BA%20%D0%BF%D0%B5%D1%80%D0%B5%D0%B4%D0%BD%D0%B5%D0%B3%D0%BE%20%D1%80%D1%8B%D1%87%D0%B0%D0%B3%D0%B0%20%D0%B7%D0%B0%D0%B4%D0%BD%D0%B8%D0%B9%20%D0%B4%D0%BB%D1%8F%20VW%20Polo%20%D1%81%D0%B5%D0%B4%D0%B0%D0%BD,%20LEMFOERDER%202111301"
Сальник вакуумного насоса BMW 11127507217,11127507217,шт,11127507217,1,3900.0,500.0,Не ограничена,https://online.autodealer.ru/catalogs/nomenclature?class=NomenclatureDTO&id=15671067&search=%D0%A1%D0%B0%D0%BB%D1%8C%D0%BD%D0%B8%D0%BA%20%D0%B2%D0%B0%D0%BA%D1%83%D1%83%D0%BC%D0%BD%D0%BE%D0%B3%D0%BE%20%D0%BD%D0%B0%D1%81%D0%BE%D1%81%D0%B0%20BMW%2011127507217
"Стойка стабилизатора перед., для Jetta, Passat, Tiguan LEMFOERDER",LEMFÖRDER,шт,26774 01,2,3850.0,1879.74,Не ограничена,"https://online.autodealer.ru/catalogs/nomenclature?class=NomenclatureDTO&id=15671461&search=%D0%A1%D1%82%D0%BE%D0%B9%D0%BA%D0%B0%20%D1%81%D1%82%D0%B0%D0%B1%D0%B8%D0%BB%D0%B8%D0%B7%D0%B0%D1%82%D0%BE%D1%80%D0%B0%20%D0%BF%D0%B5%D1%80%D0%B5%D0%B4.,%20%D0%B4%D0%BB%D1%8F%20Jetta,%20Passat,%20Tiguan%20LEMFOERDER"
"Тормозной цилиндр задний для а/м VW Polo седан, Trialli",TRIALLI,шт,CF 1842,2,2100.0,1140.0,Не ограничена,"https://online.autodealer.ru/catalogs/nomenclature?class=NomenclatureDTO&id=15671717&search=%D0%A2%D0%BE%D1%80%D0%BC%D0%BE%D0%B7%D0%BD%D0%BE%D0%B9%20%D1%86%D0%B8%D0%BB%D0%B8%D0%BD%D0%B4%D1%80%20%D0%B7%D0%B0%D0%B4%D0%BD%D0%B8%D0%B9%20%D0%B4%D0%BB%D1%8F%20%D0%B0%2F%D0%BC%20VW%20Polo%20%D1%81%D0%B5%D0%B4%D0%B0%D0%BD,%20Trialli"
"Трос стояночного тормоза для VW Polo седан,HQ",HQ,шт,HQ6RU609721E,8,1900.0,362.0,Не ограничена,"https://online.autodealer.ru/catalogs/nomenclature?class=NomenclatureDTO&id=15671773&search=%D0%A2%D1%80%D0%BE%D1%81%20%D1%81%D1%82%D0%BE%D1%8F%D0%BD%D0%BE%D1%87%D0%BD%D0%BE%D0%B3%D0%BE%20%D1%82%D0%BE%D1%80%D0%BC%D0%BE%D0%B7%D0%B0%20%D0%B4%D0%BB%D1%8F%20VW%20Polo%20%D1%81%D0%B5%D0%B4%D0%B0%D0%BD,HQ"
"Тормозной барабан для VW Polo седан с 2010 по 2011 г.в., Trialli TF180102",TRIALLI,шт,TF180102,2,4280.0,2505.0,Не ограничена,"https://online.autodealer.ru/catalogs/nomenclature?class=NomenclatureDTO&id=15671704&search=%D0%A2%D0%BE%D1%80%D0%BC%D0%BE%D0%B7%D0%BD%D0%BE%D0%B9%20%D0%B1%D0%B0%D1%80%D0%B0%D0%B1%D0%B0%D0%BD%20%D0%B4%D0%BB%D1%8F%20VW%20Polo%20%D1%81%D0%B5%D0%B4%D0%B0%D0%BD%20%D1%81%202010%20%D0%BF%D0%BE%202011%20%D0%B3.%D0%B2.,%20Trialli%20TF180102"
55530-2S200,Hyndai Kia,шт,55530-2S200,2,1985.0,908.06,Не ограничена,https://online.autodealer.ru/catalogs/nomenclature?class=NomenclatureDTO&id=18513953&search=%D0%A1%D1%82%D0%BE%D0%B9%D0%BA%D0%B0%20%D1%81%D1%82%D0%B0%D0%B1%D0%B8%D0%BB%D0%B8%D0%B7%D0%B0%D1%82%D0%BE%D1%80%D0%B0%20%D0%B7%D0%B0%D0%B4%D0%BD%D0%B5%D0%B3%D0%BE%20Hyundai%2FKia%20%D0%BF%D1%80%D0%B0%D0%B2%2F%D0%BB%D0%B5%D0%B2
Сальник коленвала передний VW Polo,VICTOR REINZ,шт,81-34366-00,3,1680.0,717.35,Не ограничена,https://online.autodealer.ru/catalogs/nomenclature?class=NomenclatureDTO&id=15671094&search=%D0%A1%D0%B0%D0%BB%D1%8C%D0%BD%D0%B8%D0%BA%20%D0%BA%D0%BE%D0%BB%D0%B5%D0%BD%D0%B2%D0%B0%D0%BB%D0%B0%20%D0%BF%D0%B5%D1%80%D0%B5%D0%B4%D0%BD%D0%B8%D0%B9%20VW%20Polo
"Свеча зажигания CWVA 1,6 BOSCH",Bosch,шт,0 241 135 520,32,1150.0,380.29,Не ограничена,"https://online.autodealer.ru/catalogs/nomenclature?class=NomenclatureDTO&id=15671193&search=%D0%A1%D0%B2%D0%B5%D1%87%D0%B0%20%D0%B7%D0%B0%D0%B6%D0%B8%D0%B3%D0%B0%D0%BD%D0%B8%D1%8F%20CWVA%201,6%20BOSCH"
"Свеча зажигания CWVA 1,6 VAG",VAG,шт,04C905616D,4,1690.0,830.0,Не ограничена,"https://online.autodealer.ru/catalogs/nomenclature?class=NomenclatureDTO&id=15671126&search=%D0%A1%D0%B2%D0%B5%D1%87%D0%B0%20%D0%B7%D0%B0%D0%B6%D0%B8%D0%B3%D0%B0%D0%BD%D0%B8%D1%8F%20CWVA%201,6%20VAG"
"Свеча зажигания VW Polo седан, Denso KJ16CRL11",DENSO,шт,KJ16CRL11,8,730.0,167.16,Не ограничена,"https://online.autodealer.ru/catalogs/nomenclature?class=NomenclatureDTO&id=15671182&search=%D0%A1%D0%B2%D0%B5%D1%87%D0%B0%20%D0%B7%D0%B0%D0%B6%D0%B8%D0%B3%D0%B0%D0%BD%D0%B8%D1%8F%20VW%20Polo%20%D1%81%D0%B5%D0%B4%D0%B0%D0%BD,%20Denso%20KJ16CRL11"
Стойка стабилизатора задняя для VW Jetta LEMFOERDER,LEMFORDER,шт,2677502,2,2650.0,1791.75,Не ограничена,https://online.autodealer.ru/catalogs/nomenclature?class=NomenclatureDTO&id=15671470&search=%D0%A1%D1%82%D0%BE%D0%B9%D0%BA%D0%B0%20%D1%81%D1%82%D0%B0%D0%B1%D0%B8%D0%BB%D0%B8%D0%B7%D0%B0%D1%82%D0%BE%D1%80%D0%B0%20%D0%B7%D0%B0%D0%B4%D0%BD%D1%8F%D1%8F%20%D0%B4%D0%BB%D1%8F%20VW%20Jetta%20LEMFOERDER
Свеча зажигания,NGK,шт,93231,8,2200.0,1293.72,Не ограничена,"https://online.autodealer.ru/catalogs/nomenclature?class=NomenclatureDTO&id=15671120&search=%D0%A1%D0%B2%D0%B5%D1%87%D0%B0%20%D0%B7%D0%B0%D0%B6%D0%B8%D0%B3%D0%B0%D0%BD%D0%B8%D1%8F%20%D0%B4%D0%BB%D1%8F%20CZCA,%20NGK"
"Трапеция стеклоочистителя для VW Polo седан, VAP",VAP,шт,VW6R1955023C,2,6250.0,1337.0,Не ограничена,"https://online.autodealer.ru/catalogs/nomenclature?class=NomenclatureDTO&id=15671855&search=%D0%A2%D1%80%D0%B0%D0%BF%D0%B5%D1%86%D0%B8%D1%8F%20%D1%81%D1%82%D0%B5%D0%BA%D0%BB%D0%BE%D0%BE%D1%87%D0%B8%D1%81%D1%82%D0%B8%D1%82%D0%B5%D0%BB%D1%8F%20%D0%B4%D0%BB%D1%8F%20VW%20Polo%20%D1%81%D0%B5%D0%B4%D0%B0%D0%BD,%20VAP"
"Трос стояночного тормоза для VW Polo седан, SAT",,шт,ST-6RU609721E,2,1250.0,545.0,Не ограничена,"https://online.autodealer.ru/catalogs/nomenclature?class=NomenclatureDTO&id=22853314&search=%D0%A2%D1%80%D0%BE%D1%81%20%D1%81%D1%82%D0%BE%D1%8F%D0%BD%D0%BE%D1%87%D0%BD%D0%BE%D0%B3%D0%BE%20%D1%82%D0%BE%D1%80%D0%BC%D0%BE%D0%B7%D0%B0%20%D0%B4%D0%BB%D1%8F%20VW%20Polo%20%D1%81%D0%B5%D0%B4%D0%B0%D0%BD,%20SAT"
Тормозные колодки передние для VW Tiguan Ate,,шт,13.0460-2785.2,1,8500.0,6040.62,Не ограничена,https://online.autodealer.ru/catalogs/nomenclature?class=NomenclatureDTO&id=18038982&search=%D0%A2%D0%BE%D1%80%D0%BC%D0%BE%D0%B7%D0%BD%D1%8B%D0%B5%20%D0%BA%D0%BE%D0%BB%D0%BE%D0%B4%D0%BA%D0%B8%20%D0%BF%D0%B5%D1%80%D0%B5%D0%B4%D0%BD%D0%B8%D0%B5%20%D0%B4%D0%BB%D1%8F%20VW%20Tiguan%20Ate
Трос замка капота зад. из салона VW Polo седан,VAG,шт,6R0823535,1,5750.0,3405.0,Не ограничена,https://online.autodealer.ru/catalogs/nomenclature?class=NomenclatureDTO&id=15671784&search=%D0%A2%D1%80%D0%BE%D1%81%20%D0%B7%D0%B0%D0%BC%D0%BA%D0%B0%20%D0%BA%D0%B0%D0%BF%D0%BE%D1%82%D0%B0%20%D0%B7%D0%B0%D0%B4.%20%D0%B8%D0%B7%20%D1%81%D0%B0%D0%BB%D0%BE%D0%BD%D0%B0%20VW%20Polo%20%D1%81%D0%B5%D0%B4%D0%B0%D0%BD
"Трос стояночного тормоза для VW Polo седан, VAG",VAG,шт,6RU609721E,2,3950.0,2144.0,Не ограничена,"https://online.autodealer.ru/catalogs/nomenclature?class=NomenclatureDTO&id=15671800&search=%D0%A2%D1%80%D0%BE%D1%81%20%D1%81%D1%82%D0%BE%D1%8F%D0%BD%D0%BE%D1%87%D0%BD%D0%BE%D0%B3%D0%BE%20%D1%82%D0%BE%D1%80%D0%BC%D0%BE%D0%B7%D0%B0%20%D0%B4%D0%BB%D1%8F%20VW%20Polo%20%D1%81%D0%B5%D0%B4%D0%B0%D0%BD,%20VAG"
"Труба отопителя для VW Polo седан, VAG",VAG,шт,036121188B,2,4520.0,1774.71,Не ограничена,"https://online.autodealer.ru/catalogs/nomenclature?class=NomenclatureDTO&id=15671858&search=%D0%A2%D1%80%D1%83%D0%B1%D0%B0%20%D0%BE%D1%82%D0%BE%D0%BF%D0%B8%D1%82%D0%B5%D0%BB%D1%8F%20%D0%B4%D0%BB%D1%8F%20VW%20Polo%20%D1%81%D0%B5%D0%B4%D0%B0%D0%BD,%20VAG"
"Тормозной диск задний для VW Polo седан Skoda Rapid (г.в. с 2015), SANGSIN",HiQ,шт,SD5402,4,3550.0,930.0,Не ограничена,"https://online.autodealer.ru/catalogs/nomenclature?class=NomenclatureDTO&id=15671673&search=%D0%A2%D0%BE%D1%80%D0%BC%D0%BE%D0%B7%D0%BD%D0%BE%D0%B9%20%D0%B4%D0%B8%D1%81%D0%BA%20%D0%B7%D0%B0%D0%B4%D0%BD%D0%B8%D0%B9%20%D0%B4%D0%BB%D1%8F%20VW%20Polo%20%D1%81%D0%B5%D0%B4%D0%B0%D0%BD%20Skoda%20Rapid%20(%D0%B3.%D0%B2.%20%D1%81%202015),%20SANGSIN"
Термостат 87°С для VW Polo Sedan CWVA LUZAR,LUZAR,шт,LT1824,1,1650.0,1085.0,Не ограничена,https://online.autodealer.ru/catalogs/nomenclature?class=NomenclatureDTO&id=24266770&search=%D0%A2%D0%B5%D1%80%D0%BC%D0%BE%D1%81%D1%82%D0%B0%D1%82%2087%C2%B0%D0%A1%20%D0%B4%D0%BB%D1%8F%20VW%20Polo%20Sedan%20CWVA%20LUZAR
Смазка для шрусов LYNX CG-1001,Lynx,шт,CG1001,4,350.0,128.0,Не ограничена,https://online.autodealer.ru/catalogs/nomenclature?class=NomenclatureDTO&id=15671214&search=%D0%A1%D0%BC%D0%B0%D0%B7%D0%BA%D0%B0%20%D0%B4%D0%BB%D1%8F%20%D1%88%D1%80%D1%83%D1%81%D0%BE%D0%B2%20LYNX%20CG-1001
"Тормозная трубка правая от тормоз., шланга к колесному тормозному цилиндру для VW Polo седан",VAG,шт,1J0611764E,2,5850.0,1635.0,Не ограничена,"https://online.autodealer.ru/catalogs/nomenclature?class=NomenclatureDTO&id=15671713&search=%D0%A2%D0%BE%D1%80%D0%BC%D0%BE%D0%B7%D0%BD%D0%B0%D1%8F%20%D1%82%D1%80%D1%83%D0%B1%D0%BA%D0%B0%20%D0%BF%D1%80%D0%B0%D0%B2%D0%B0%D1%8F%20%D0%BE%D1%82%20%D1%82%D0%BE%D1%80%D0%BC%D0%BE%D0%B7.,%20%D1%88%D0%BB%D0%B0%D0%BD%D0%B3%D0%B0%20%D0%BA%20%D0%BA%D0%BE%D0%BB%D0%B5%D1%81%D0%BD%D0%BE%D0%BC%D1%83%20%D1%82%D0%BE%D1%80%D0%BC%D0%BE%D0%B7%D0%BD%D0%BE%D0%BC%D1%83%20%D1%86%D0%B8%D0%BB%D0%B8%D0%BD%D0%B4%D1%80%D1%83%20%D0%B4%D0%BB%D1%8F%20VW%20Polo%20%D1%81%D0%B5%D0%B4%D0%B0%D0%BD"
"Тяга / стойка, стабилизатор",LEMFÖRDER,шт,25463 02,6,2980.0,1327.16,Не ограничена,"https://online.autodealer.ru/catalogs/nomenclature?class=NomenclatureDTO&id=15671454&search=%D0%A2%D1%8F%D0%B3%D0%B0%20%2F%20%D1%81%D1%82%D0%BE%D0%B9%D0%BA%D0%B0,%20%D1%81%D1%82%D0%B0%D0%B1%D0%B8%D0%BB%D0%B8%D0%B7%D0%B0%D1%82%D0%BE%D1%80%20%D0%B4%D0%BB%D1%8F%20VW%20Polo,%20LM"
"Уплотнительное кольцо для VW Polo седан, VAG",VAG,шт,N90890501,2,340.0,126.0,Не ограничена,"https://online.autodealer.ru/catalogs/nomenclature?class=NomenclatureDTO&id=15671989&search=%D0%A3%D0%BF%D0%BB%D0%BE%D1%82%D0%BD%D0%B8%D1%82%D0%B5%D0%BB%D1%8C%D0%BD%D0%BE%D0%B5%20%D0%BA%D0%BE%D0%BB%D1%8C%D1%86%D0%BE%20%D0%B4%D0%BB%D1%8F%20VW%20Polo%20%D1%81%D0%B5%D0%B4%D0%B0%D0%BD,%20VAG"
"Трубка (радиатора кондиционера) для VW Polo седан,SAT ST-6RU820741A",SAT,шт,ST6RU820741A,1,3150.0,1845.0,Не ограничена,"https://online.autodealer.ru/catalogs/nomenclature?class=NomenclatureDTO&id=15671822&search=%D0%A2%D1%80%D1%83%D0%B1%D0%BA%D0%B0%20(%D1%80%D0%B0%D0%B4%D0%B8%D0%B0%D1%82%D0%BE%D1%80%D0%B0%20%D0%BA%D0%BE%D0%BD%D0%B4%D0%B8%D1%86%D0%B8%D0%BE%D0%BD%D0%B5%D1%80%D0%B0)%20%D0%B4%D0%BB%D1%8F%20VW%20Polo%20%D1%81%D0%B5%D0%B4%D0%B0%D0%BD,SAT%20ST-6RU820741A"
Трубка системы охлаждения VW Polo CFN VAG,VAG,шт,03C121065D,1,5850.0,3868.0,Не ограничена,https://online.autodealer.ru/catalogs/nomenclature?class=NomenclatureDTO&id=15671853&search=%D0%A2%D1%80%D1%83%D0%B1%D0%BA%D0%B0%20%D1%81%D0%B8%D1%81%D1%82%D0%B5%D0%BC%D1%8B%20%D0%BE%D1%85%D0%BB%D0%B0%D0%B6%D0%B4%D0%B5%D0%BD%D0%B8%D1%8F%20VW%20Polo%20CFN%20VAG
"Уплотнительное кольцо пробки радиатора для VW Polo седан, VAG",VAG,шт,N90544501,1,420.0,205.09,Не ограничена,"https://online.autodealer.ru/catalogs/nomenclature?class=NomenclatureDTO&id=15672057&search=%D0%A3%D0%BF%D0%BB%D0%BE%D1%82%D0%BD%D0%B8%D1%82%D0%B5%D0%BB%D1%8C%D0%BD%D0%BE%D0%B5%20%D0%BA%D0%BE%D0%BB%D1%8C%D1%86%D0%BE%20%D0%BF%D1%80%D0%BE%D0%B1%D0%BA%D0%B8%20%D1%80%D0%B0%D0%B4%D0%B8%D0%B0%D1%82%D0%BE%D1%80%D0%B0%20%D0%B4%D0%BB%D1%8F%20VW%20Polo%20%D1%81%D0%B5%D0%B4%D0%B0%D0%BD,%20VAG"
"Уплотнительное кольцо свечного колодца для VW Polo седан, VAG 03C103196",VAG,шт,03C103196,20,280.0,138.0,Не ограничена,"https://online.autodealer.ru/catalogs/nomenclature?class=NomenclatureDTO&id=15671995&search=%D0%A3%D0%BF%D0%BB%D0%BE%D1%82%D0%BD%D0%B8%D1%82%D0%B5%D0%BB%D1%8C%D0%BD%D0%BE%D0%B5%20%D0%BA%D0%BE%D0%BB%D1%8C%D1%86%D0%BE%20%D1%81%D0%B2%D0%B5%D1%87%D0%BD%D0%BE%D0%B3%D0%BE%20%D0%BA%D0%BE%D0%BB%D0%BE%D0%B4%D1%86%D0%B0%20%D0%B4%D0%BB%D1%8F%20VW%20Polo%20%D1%81%D0%B5%D0%B4%D0%B0%D0%BD,%20VAG%2003C103196"
Уплотнительное кольцо сливной пробки для а/м Hyundai/Kia,Hyundai-KIA,шт,2151323001,6,90.0,20.03,Не ограничена,https://online.autodealer.ru/catalogs/nomenclature?class=NomenclatureDTO&id=15673646&search=%D0%A3%D0%BF%D0%BB%D0%BE%D1%82%D0%BD%D0%B8%D1%82%D0%B5%D0%BB%D1%8C%D0%BD%D0%BE%D0%B5%20%D0%BA%D0%BE%D0%BB%D1%8C%D1%86%D0%BE%20%D1%81%D0%BB%D0%B8%D0%B2%D0%BD%D0%BE%D0%B9%20%D0%BF%D1%80%D0%BE%D0%B1%D0%BA%D0%B8%20%D0%B4%D0%BB%D1%8F%20%D0%B0%2F%D0%BC%20Hyundai%2FKia
"Упор отбойник амортизатора заднего для VW Polo седан, Febi",FEBI BILSTEIN,шт,18400,8,980.0,427.27,Не ограничена,"https://online.autodealer.ru/catalogs/nomenclature?class=NomenclatureDTO&id=15672058&search=%D0%A3%D0%BF%D0%BE%D1%80%20%D0%BE%D1%82%D0%B1%D0%BE%D0%B9%D0%BD%D0%B8%D0%BA%20%D0%B0%D0%BC%D0%BE%D1%80%D1%82%D0%B8%D0%B7%D0%B0%D1%82%D0%BE%D1%80%D0%B0%20%D0%B7%D0%B0%D0%B4%D0%BD%D0%B5%D0%B3%D0%BE%20%D0%B4%D0%BB%D1%8F%20VW%20Polo%20%D1%81%D0%B5%D0%B4%D0%B0%D0%BD,%20Febi"
Фиксатор 1K0711522,VAG,шт,1K0711522,2,240.0,80.17,Не ограничена,https://online.autodealer.ru/catalogs/nomenclature?class=NomenclatureDTO&id=15672185&search=%D0%A4%D0%B8%D0%BA%D1%81%D0%B0%D1%82%D0%BE%D1%80%201K0711522
Фиксатор пластиковый 3C0853585,VAG,шт,3C0853585,5,60.0,29.12,Не ограничена,https://online.autodealer.ru/catalogs/nomenclature?class=NomenclatureDTO&id=15672229&search=%D0%A4%D0%B8%D0%BA%D1%81%D0%B0%D1%82%D0%BE%D1%80%20%D0%BF%D0%BB%D0%B0%D1%81%D1%82%D0%B8%D0%BA%D0%BE%D0%B2%D1%8B%D0%B9%203C0853585
"Фильтр воздушный CFN VW Polo седан, FORTECH",Fortech,шт,FA087,23,850.0,325.0,Не ограничена,"https://online.autodealer.ru/catalogs/nomenclature?class=NomenclatureDTO&id=15672255&search=%D0%A4%D0%B8%D0%BB%D1%8C%D1%82%D1%80%20%D0%B2%D0%BE%D0%B7%D0%B4%D1%83%D1%88%D0%BD%D1%8B%D0%B9%20CFN%20VW%20Polo%20%D1%81%D0%B5%D0%B4%D0%B0%D0%BD,%20FORTECH"
"Фильтр масляный CFN CAXA Polo седан, Jetta Fortech FO070",Fortech,шт,FO070,3,780.0,298.0,Не ограничена,"https://online.autodealer.ru/catalogs/nomenclature?class=NomenclatureDTO&id=15672555&search=%D0%A4%D0%B8%D0%BB%D1%8C%D1%82%D1%80%20%D0%BC%D0%B0%D1%81%D0%BB%D1%8F%D0%BD%D1%8B%D0%B9%20CFN%20CAXA%20Polo%20%D1%81%D0%B5%D0%B4%D0%B0%D0%BD,%20Jetta%20Fortech%20FO070"
Фильтр масляный для VW Polo (СFN) MANN,MANNFILTER,шт,W 712/94,9,1750.0,665.0,Не ограничена,https://online.autodealer.ru/catalogs/nomenclature?class=NomenclatureDTO&id=15672675&search=%D0%A4%D0%B8%D0%BB%D1%8C%D1%82%D1%80%20%D0%BC%D0%B0%D1%81%D0%BB%D1%8F%D0%BD%D1%8B%D0%B9%20%D0%B4%D0%BB%D1%8F%20VW%20Polo%20(%D0%A1FN)%20MANN
"Фильтр сетчатый масляный для АКПП VW Polo седан, с 2015 г NSP",NSP,шт,NSP0809G325429E,5,2850.0,694.0,Не ограничена,"https://online.autodealer.ru/catalogs/nomenclature?class=NomenclatureDTO&id=15672789&search=%D0%A4%D0%B8%D0%BB%D1%8C%D1%82%D1%80%20%D1%81%D0%B5%D1%82%D1%87%D0%B0%D1%82%D1%8B%D0%B9%20%D0%BC%D0%B0%D1%81%D0%BB%D1%8F%D0%BD%D1%8B%D0%B9%20%D0%B4%D0%BB%D1%8F%20%D0%90%D0%9A%D0%9F%D0%9F%20VW%20Polo%20%D1%81%D0%B5%D0%B4%D0%B0%D0%BD,%20%D1%81%202015%20%D0%B3%20NSP"
Щетка мотора отопителя Motorherz KSB0107,,шт,KSB0107,2,550.0,447.0,Не ограничена,https://online.autodealer.ru/catalogs/nomenclature?class=NomenclatureDTO&id=16933240&search=%D0%A9%D0%B5%D1%82%D0%BA%D0%B0%20%D0%BC%D0%BE%D1%82%D0%BE%D1%80%D0%B0%20%D0%BE%D1%82%D0%BE%D0%BF%D0%B8%D1%82%D0%B5%D0%BB%D1%8F%20Motorherz%20KSB0107
Щетки стеклоочистителя Bosch Aero Twin 2 шт. для VW Polo седан 3397118907,Bosch,шт,3397118907,2,2820.0,1801.5,Не ограничена,https://online.autodealer.ru/catalogs/nomenclature?class=NomenclatureDTO&id=15673388&search=%D0%A9%D0%B5%D1%82%D0%BA%D0%B8%20%D1%81%D1%82%D0%B5%D0%BA%D0%BB%D0%BE%D0%BE%D1%87%D0%B8%D1%81%D1%82%D0%B8%D1%82%D0%B5%D0%BB%D1%8F%20Bosch%20Aero%20Twin%202%20%D1%88%D1%82.%20%D0%B4%D0%BB%D1%8F%20VW%20Polo%20%D1%81%D0%B5%D0%B4%D0%B0%D0%BD%203397118907
"Щетки стеклоочистителя MU-016U, MU-024U Masuma 2 шт. для VW Polo седан",MASUMA,шт,MASUMA,2,1960.0,773.0,Не ограничена,"https://online.autodealer.ru/catalogs/nomenclature?class=NomenclatureDTO&id=15673346&search=%D0%A9%D0%B5%D1%82%D0%BA%D0%B8%20%D1%81%D1%82%D0%B5%D0%BA%D0%BB%D0%BE%D0%BE%D1%87%D0%B8%D1%81%D1%82%D0%B8%D1%82%D0%B5%D0%BB%D1%8F%20MU-016U,%20MU-024U%20Masuma%202%20%D1%88%D1%82.%20%D0%B4%D0%BB%D1%8F%20VW%20Polo%20%D1%81%D0%B5%D0%B4%D0%B0%D0%BD"
"Хомут для VW Polo седан, VAG",VAG,шт,N90687201,5,380.0,162.54,Не ограничена,"https://online.autodealer.ru/catalogs/nomenclature?class=NomenclatureDTO&id=15672958&search=%D0%A5%D0%BE%D0%BC%D1%83%D1%82%20%D0%B4%D0%BB%D1%8F%20VW%20Polo%20%D1%81%D0%B5%D0%B4%D0%B0%D0%BD,%20VAG"
"Фильтр салона угольный для HYUNDAI, KIA SPEEDMATE SM-PCH102",SpeedMate,шт,SMPCH102,1,890.0,592.0,Не ограничена,"https://online.autodealer.ru/catalogs/nomenclature?class=NomenclatureDTO&id=15672676&search=%D0%A4%D0%B8%D0%BB%D1%8C%D1%82%D1%80%20%D1%81%D0%B0%D0%BB%D0%BE%D0%BD%D0%B0%20%D1%83%D0%B3%D0%BE%D0%BB%D1%8C%D0%BD%D1%8B%D0%B9%20%D0%B4%D0%BB%D1%8F%20HYUNDAI,%20KIA%20SPEEDMATE%20SM-PCH102"
Фильтр масляный CWVA 1.6 VAG 04E115561AC,VAG,шт,,6,2080.0,856.0,Не ограничена,https://online.autodealer.ru/catalogs/nomenclature?class=NomenclatureDTO&id=15672498&search=%D0%A4%D0%B8%D0%BB%D1%8C%D1%82%D1%80%20%D0%BC%D0%B0%D1%81%D0%BB%D1%8F%D0%BD%D1%8B%D0%B9%20CWVA%201.6%20VAG
"Фильтр воздушный CWVA 1,6 TSN 911732",TSN,шт,911732,43,640.0,164.0,Не ограничена,"https://online.autodealer.ru/catalogs/nomenclature?class=NomenclatureDTO&id=15672241&search=%D0%A4%D0%B8%D0%BB%D1%8C%D1%82%D1%80%20%D0%B2%D0%BE%D0%B7%D0%B4%D1%83%D1%88%D0%BD%D1%8B%D0%B9%20CWVA%201,6%20TSN%20911732"
"Фильтр воздушный CWVA 1,6 VAG",VAG,шт,04E129620A,2,1560.0,835.51,Не ограничена,"https://online.autodealer.ru/catalogs/nomenclature?class=NomenclatureDTO&id=15672285&search=%D0%A4%D0%B8%D0%BB%D1%8C%D1%82%D1%80%20%D0%B2%D0%BE%D0%B7%D0%B4%D1%83%D1%88%D0%BD%D1%8B%D0%B9%20CWVA%201,6%20VAG"
"Фильтр воздушный CZCA, CZDA",AMD,шт,FA813,8,950.0,328.0,Не ограничена,"https://online.autodealer.ru/catalogs/nomenclature?class=NomenclatureDTO&id=15672360&search=%D0%A4%D0%B8%D0%BB%D1%8C%D1%82%D1%80%20%D0%B2%D0%BE%D0%B7%D0%B4%D1%83%D1%88%D0%BD%D1%8B%D0%B9%20CZCA,%20CZDA"
Фильтр воздушный FORTECH,Fortech,шт,FA252,1,650.0,326.0,Не ограничена,https://online.autodealer.ru/catalogs/nomenclature?class=NomenclatureDTO&id=15672295&search=%D0%A4%D0%B8%D0%BB%D1%8C%D1%82%D1%80%20%D0%B2%D0%BE%D0%B7%D0%B4%D1%83%D1%88%D0%BD%D1%8B%D0%B9%20FORTECH
"Фильтр масляный для VW Polo 1,4 (09 г.в) VAG",VAG,шт,030115561AN,1,1950.0,776.0,Не ограничена,"https://online.autodealer.ru/catalogs/nomenclature?class=NomenclatureDTO&id=15672599&search=%D0%A4%D0%B8%D0%BB%D1%8C%D1%82%D1%80%20%D0%BC%D0%B0%D1%81%D0%BB%D1%8F%D0%BD%D1%8B%D0%B9%20%D0%B4%D0%BB%D1%8F%20VW%20Polo%201,4%20(09%20%D0%B3.%D0%B2)%20VAG"
"Фильтр топливный с регулятором давления 4.0 Bar для VW Polo седан, BIG",BIG,шт,GB3229,3,1950.0,1190.0,Не ограничена,"https://online.autodealer.ru/catalogs/nomenclature?class=NomenclatureDTO&id=15672860&search=%D0%A4%D0%B8%D0%BB%D1%8C%D1%82%D1%80%20%D1%82%D0%BE%D0%BF%D0%BB%D0%B8%D0%B2%D0%BD%D1%8B%D0%B9%20%D1%81%20%D1%80%D0%B5%D0%B3%D1%83%D0%BB%D1%8F%D1%82%D0%BE%D1%80%D0%BE%D0%BC%20%D0%B4%D0%B0%D0%B2%D0%BB%D0%B5%D0%BD%D0%B8%D1%8F%204.0%20Bar%20%D0%B4%D0%BB%D1%8F%20VW%20Polo%20%D1%81%D0%B5%D0%B4%D0%B0%D0%BD,%20BIG"
Хомут ушковый 20-50/7мм для пыльника ШРУСА AIRLINE AHCD001,,шт,AHCD001,1,90.0,24.0,Не ограничена,https://online.autodealer.ru/catalogs/nomenclature?class=NomenclatureDTO&id=17913221&search=%D0%A5%D0%BE%D0%BC%D1%83%D1%82%20%D1%83%D1%88%D0%BA%D0%BE%D0%B2%D1%8B%D0%B9%2020-50%2F7%D0%BC%D0%BC%20%D0%B4%D0%BB%D1%8F%20%D0%BF%D1%8B%D0%BB%D1%8C%D0%BD%D0%B8%D0%BA%D0%B0%20%D0%A8%D0%A0%D0%A3%D0%A1%D0%90%20AIRLINE%20AHCD001
Фильтр салонный угольный для VW Jetta FILTRON K1111A (Замена 1K1819653B),Filtron,шт,K1111A,2,1450.0,642.63,Не ограничена,https://online.autodealer.ru/catalogs/nomenclature?class=NomenclatureDTO&id=15672869&search=%D0%A4%D0%B8%D0%BB%D1%8C%D1%82%D1%80%20%D1%81%D0%B0%D0%BB%D0%BE%D0%BD%D0%BD%D1%8B%D0%B9%20%D1%83%D0%B3%D0%BE%D0%BB%D1%8C%D0%BD%D1%8B%D0%B9%20%D0%B4%D0%BB%D1%8F%20VW%20Jetta%20FILTRON%20K1111A%20(%D0%97%D0%B0%D0%BC%D0%B5%D0%BD%D0%B0%201K1819653B)
Фильтр масляный Renault Megane MANN W75/3,Mann,шт,W753,1,1010.0,345.39,Не ограничена,https://online.autodealer.ru/catalogs/nomenclature?class=NomenclatureDTO&id=15672501&search=%D0%A4%D0%B8%D0%BB%D1%8C%D1%82%D1%80%20%D0%BC%D0%B0%D1%81%D0%BB%D1%8F%D0%BD%D1%8B%D0%B9%20Renault%20Megane%20MANN%20W75%2F3
Фильтр масляный для Hyundai Speedmate,SpeedMate,шт,SMOFH006,4,550.0,287.0,Не ограничена,https://online.autodealer.ru/catalogs/nomenclature?class=NomenclatureDTO&id=15672657&search=%D0%A4%D0%B8%D0%BB%D1%8C%D1%82%D1%80%20%D0%BC%D0%B0%D1%81%D0%BB%D1%8F%D0%BD%D1%8B%D0%B9%20%D0%B4%D0%BB%D1%8F%20Hyundai%20Speedmate
"Фильтр масляный для VW Polo седан, Jetta VAG",VAG,шт,03C115561H,2,1980.0,934.67,Не ограничена,"https://online.autodealer.ru/catalogs/nomenclature?class=NomenclatureDTO&id=15672587&search=%D0%A4%D0%B8%D0%BB%D1%8C%D1%82%D1%80%20%D0%BC%D0%B0%D1%81%D0%BB%D1%8F%D0%BD%D1%8B%D0%B9%20%D0%B4%D0%BB%D1%8F%20VW%20Polo%20%D1%81%D0%B5%D0%B4%D0%B0%D0%BD,%20Jetta%20VAG"
"Фильтр салона для VW Jetta, Filtron K1111",Filtron,шт,K1111,2,880.0,454.14,Не ограничена,"https://online.autodealer.ru/catalogs/nomenclature?class=NomenclatureDTO&id=15672693&search=%D0%A4%D0%B8%D0%BB%D1%8C%D1%82%D1%80%20%D1%81%D0%B0%D0%BB%D0%BE%D0%BD%D0%B0%20%D0%B4%D0%BB%D1%8F%20VW%20Jetta,%20Filtron%20K1111"
"Фильтр салона для а/м Skoda Octavia (CWVA), Filtron",Filtron,шт,K1311,1,860.0,439.67,Не ограничена,"https://online.autodealer.ru/catalogs/nomenclature?class=NomenclatureDTO&id=15672747&search=%D0%A4%D0%B8%D0%BB%D1%8C%D1%82%D1%80%20%D1%81%D0%B0%D0%BB%D0%BE%D0%BD%D0%B0%20%D0%B4%D0%BB%D1%8F%20%D0%B0%2F%D0%BC%20Skoda%20Octavia%20(CWVA),%20Filtron"
Фильтр салона угольный для VW Polo седан VAG JZW819653A,VAG,шт,JZW819653F,2,2490.0,1236.0,Не ограничена,https://online.autodealer.ru/catalogs/nomenclature?class=NomenclatureDTO&id=15672679&search=%D0%A4%D0%B8%D0%BB%D1%8C%D1%82%D1%80%20%D1%81%D0%B0%D0%BB%D0%BE%D0%BD%D0%B0%20%D1%83%D0%B3%D0%BE%D0%BB%D1%8C%D0%BD%D1%8B%D0%B9%20%D0%B4%D0%BB%D1%8F%20VW%20Polo%20%D1%81%D0%B5%D0%B4%D0%B0%D0%BD%20VAG%20JZW819653A
"Фильтр масляный CWVA VW Polo седан, HOLARS",,шт,HLFO0005,59,350.0,100.0,Не ограничена,"https://online.autodealer.ru/catalogs/nomenclature?class=NomenclatureDTO&id=21296601&search=%D0%A4%D0%B8%D0%BB%D1%8C%D1%82%D1%80%20%D0%BC%D0%B0%D1%81%D0%BB%D1%8F%D0%BD%D1%8B%D0%B9%20CWVA%20VW%20Polo%20%D1%81%D0%B5%D0%B4%D0%B0%D0%BD,%20HOLARS"
"Фильтр воздушный для VW Jetta (с 2010 г.в. по н.в.), MANN",Mann,шт,C14130,1,1650.0,1106.0,Не ограничена,"https://online.autodealer.ru/catalogs/nomenclature?class=NomenclatureDTO&id=15672376&search=%D0%A4%D0%B8%D0%BB%D1%8C%D1%82%D1%80%20%D0%B2%D0%BE%D0%B7%D0%B4%D1%83%D1%88%D0%BD%D1%8B%D0%B9%20%D0%B4%D0%BB%D1%8F%20VW%20Jetta%20(%D1%81%202010%20%D0%B3.%D0%B2.%20%D0%BF%D0%BE%20%D0%BD.%D0%B2.),%20MANN"
Фильтр салона угольный FILTRON,Filtron,шт,K 1311A,1,1200.0,668.0,Не ограничена,https://online.autodealer.ru/catalogs/nomenclature?class=NomenclatureDTO&id=15672773&search=%D0%A4%D0%B8%D0%BB%D1%8C%D1%82%D1%80%20%D1%81%D0%B0%D0%BB%D0%BE%D0%BD%D0%B0%20%D1%83%D0%B3%D0%BE%D0%BB%D1%8C%D0%BD%D1%8B%D0%B9%20FILTRON
"Фильтр топливный с регулятором давления 4.0 Bar для VW Polo седан, UFI",UFI,шт,31.833.00,9,2850.0,1183.0,Не ограничена,"https://online.autodealer.ru/catalogs/nomenclature?class=NomenclatureDTO&id=15672967&search=%D0%A4%D0%B8%D0%BB%D1%8C%D1%82%D1%80%20%D1%82%D0%BE%D0%BF%D0%BB%D0%B8%D0%B2%D0%BD%D1%8B%D0%B9%20%D1%81%20%D1%80%D0%B5%D0%B3%D1%83%D0%BB%D1%8F%D1%82%D0%BE%D1%80%D0%BE%D0%BC%20%D0%B4%D0%B0%D0%B2%D0%BB%D0%B5%D0%BD%D0%B8%D1%8F%204.0%20Bar%20%D0%B4%D0%BB%D1%8F%20VW%20Polo%20%D1%81%D0%B5%D0%B4%D0%B0%D0%BD,%20UFI"
"Фильтр салона угольный, антибактериальный для VW Polo седан, RAF FILTER",raf,шт,RSTC004VO,28,1350.0,462.0,Не ограничена,"https://online.autodealer.ru/catalogs/nomenclature?class=NomenclatureDTO&id=15672763&search=%D0%A4%D0%B8%D0%BB%D1%8C%D1%82%D1%80%20%D1%81%D0%B0%D0%BB%D0%BE%D0%BD%D0%B0%20%D1%83%D0%B3%D0%BE%D0%BB%D1%8C%D0%BD%D1%8B%D0%B9,%20%D0%B0%D0%BD%D1%82%D0%B8%D0%B1%D0%B0%D0%BA%D1%82%D0%B5%D1%80%D0%B8%D0%B0%D0%BB%D1%8C%D0%BD%D1%8B%D0%B9%20%D0%B4%D0%BB%D1%8F%20VW%20Polo%20%D1%81%D0%B5%D0%B4%D0%B0%D0%BD,%20RAF%20FILTER"
"Фильтр салонный VW Polo седан, Skoda Rapid NAC 77340-ST (замена 6R0820367)",NAC,шт,77340ST,7,400.0,201.0,Не ограничена,"https://online.autodealer.ru/catalogs/nomenclature?class=NomenclatureDTO&id=15672861&search=%D0%A4%D0%B8%D0%BB%D1%8C%D1%82%D1%80%20%D1%81%D0%B0%D0%BB%D0%BE%D0%BD%D0%BD%D1%8B%D0%B9%20VW%20Polo%20%D1%81%D0%B5%D0%B4%D0%B0%D0%BD,%20Skoda%20Rapid%20NAC%2077340-ST%20(%D0%B7%D0%B0%D0%BC%D0%B5%D0%BD%D0%B0%206R0820367)"
Хомут червячный 40-60мм JTC JTC-ZN60,JTC,шт,ZN60,4,90.0,24.0,Не ограничена,https://online.autodealer.ru/catalogs/nomenclature?class=NomenclatureDTO&id=15673048&search=%D0%A5%D0%BE%D0%BC%D1%83%D1%82%20%D1%87%D0%B5%D1%80%D0%B2%D1%8F%D1%87%D0%BD%D1%8B%D0%B9%2040-60%D0%BC%D0%BC%20JTC%20JTC-ZN60
"Цепь ГРМ комплект для VW Polo седан (CFNA), Febi",FEBI,шт,40672,3,11900.0,6442.83,Не ограничена,"https://online.autodealer.ru/catalogs/nomenclature?class=NomenclatureDTO&id=18552609&search=%D0%A6%D0%B5%D0%BF%D1%8C%20%D0%93%D0%A0%D0%9C%20%D0%BA%D0%BE%D0%BC%D0%BF%D0%BB%D0%B5%D0%BA%D1%82%20%D0%B4%D0%BB%D1%8F%20VW%20Polo%20%D1%81%D0%B5%D0%B4%D0%B0%D0%BD%20(CFNA),%20Febi"
Шайба VAG,VAG,шт,1K0 505 193,2,190.0,98.0,Не ограничена,https://online.autodealer.ru/catalogs/nomenclature?class=NomenclatureDTO&id=19368810&search=%D0%A8%D0%B0%D0%B9%D0%B1%D0%B0%20VAG
"Шаровой шарнир левый для VW Polo седан, LEMFOERDER",LEMFÖRDER,шт,33905 01,3,3450.0,1434.0,Не ограничена,"https://online.autodealer.ru/catalogs/nomenclature?class=NomenclatureDTO&id=15673129&search=%D0%A8%D0%B0%D1%80%D0%BE%D0%B2%D0%BE%D0%B9%20%D1%88%D0%B0%D1%80%D0%BD%D0%B8%D1%80%20%D0%BB%D0%B5%D0%B2%D1%8B%D0%B9%20%D0%B4%D0%BB%D1%8F%20VW%20Polo%20%D1%81%D0%B5%D0%B4%D0%B0%D0%BD,%20LEMFOERDER"
"Шаровой шарнир правый для VW Polo седан, LEMFOERDER",LEMFÖRDER,шт,33906 01,3,3450.0,1661.35,Не ограничена,"https://online.autodealer.ru/catalogs/nomenclature?class=NomenclatureDTO&id=15673100&search=%D0%A8%D0%B0%D1%80%D0%BE%D0%B2%D0%BE%D0%B9%20%D1%88%D0%B0%D1%80%D0%BD%D0%B8%D1%80%20%D0%BF%D1%80%D0%B0%D0%B2%D1%8B%D0%B9%20%D0%B4%D0%BB%D1%8F%20VW%20Polo%20%D1%81%D0%B5%D0%B4%D0%B0%D0%BD,%20LEMFOERDER"
"Шестигранная гайка с буртиком, самоконтрящаяся коллектора WHT000001N",VAG,шт,WHT000001N,1,195.0,98.0,Не ограничена,"https://online.autodealer.ru/catalogs/nomenclature?class=NomenclatureDTO&id=15673177&search=%D0%A8%D0%B5%D1%81%D1%82%D0%B8%D0%B3%D1%80%D0%B0%D0%BD%D0%BD%D0%B0%D1%8F%20%D0%B3%D0%B0%D0%B9%D0%BA%D0%B0%20%D1%81%20%D0%B1%D1%83%D1%80%D1%82%D0%B8%D0%BA%D0%BE%D0%BC,%20%D1%81%D0%B0%D0%BC%D0%BE%D0%BA%D0%BE%D0%BD%D1%82%D1%80%D1%8F%D1%89%D0%B0%D1%8F%D1%81%D1%8F%20%D0%BA%D0%BE%D0%BB%D0%BB%D0%B5%D0%BA%D1%82%D0%BE%D1%80%D0%B0%20WHT000001N"
Фильтр сеточка топливного насоса для VW Polo седан,AMOS POLO,шт,POLO,3,600.0,260.64,Не ограничена,https://online.autodealer.ru/catalogs/nomenclature?class=NomenclatureDTO&id=15672805&search=%D0%A4%D0%B8%D0%BB%D1%8C%D1%82%D1%80%20%D1%81%D0%B5%D1%82%D0%BE%D1%87%D0%BA%D0%B0%20%D1%82%D0%BE%D0%BF%D0%BB%D0%B8%D0%B2%D0%BD%D0%BE%D0%B3%D0%BE%20%D0%BD%D0%B0%D1%81%D0%BE%D1%81%D0%B0%20%D0%B4%D0%BB%D1%8F%20VW%20Polo%20%D1%81%D0%B5%D0%B4%D0%B0%D0%BD
"Фильтр салонный угольный VW Polo седан, FILTRON K1313A",Filtron,шт,K1313A,1,1490.0,660.43,Не ограничена,"https://online.autodealer.ru/catalogs/nomenclature?class=NomenclatureDTO&id=15672830&search=%D0%A4%D0%B8%D0%BB%D1%8C%D1%82%D1%80%20%D1%81%D0%B0%D0%BB%D0%BE%D0%BD%D0%BD%D1%8B%D0%B9%20%D1%83%D0%B3%D0%BE%D0%BB%D1%8C%D0%BD%D1%8B%D0%B9%20VW%20Polo%20%D1%81%D0%B5%D0%B4%D0%B0%D0%BD,%20FILTRON%20K1313A"
Хомут металлический ленточный (для пыльников) Masuma MOX-100,MASUMA,шт,MOX100,5,90.0,53.2,Не ограничена,https://online.autodealer.ru/catalogs/nomenclature?class=NomenclatureDTO&id=15672963&search=%D0%A5%D0%BE%D0%BC%D1%83%D1%82%20%D0%BC%D0%B5%D1%82%D0%B0%D0%BB%D0%BB%D0%B8%D1%87%D0%B5%D1%81%D0%BA%D0%B8%D0%B9%20%D0%BB%D0%B5%D0%BD%D1%82%D0%BE%D1%87%D0%BD%D1%8B%D0%B9%20(%D0%B4%D0%BB%D1%8F%20%D0%BF%D1%8B%D0%BB%D1%8C%D0%BD%D0%B8%D0%BA%D0%BE%D0%B2)%20Masuma%20MOX-100
Хомут ОГ Stelox,Stelox,шт,7550006SX,2,2450.0,562.26,Не ограничена,https://online.autodealer.ru/catalogs/nomenclature?class=NomenclatureDTO&id=15672966&search=%D0%A5%D0%BE%D0%BC%D1%83%D1%82%20%D0%9E%D0%93%20Stelox
Щиток левый задний Borsehung,BORSEHUNG,шт,B18220,1,3250.0,2088.6,Не ограничена,https://online.autodealer.ru/catalogs/nomenclature?class=NomenclatureDTO&id=15673384&search=%D0%A9%D0%B8%D1%82%D0%BE%D0%BA%20%D0%BB%D0%B5%D0%B2%D1%8B%D0%B9%20%D0%B7%D0%B0%D0%B4%D0%BD%D0%B8%D0%B9%20Borsehung
Щиток правый задний Borsehung,BORSEHUNG,шт,B18221,1,3250.0,2104.1,Не ограничена,https://online.autodealer.ru/catalogs/nomenclature?class=NomenclatureDTO&id=15673415&search=%D0%A9%D0%B8%D1%82%D0%BE%D0%BA%20%D0%BF%D1%80%D0%B0%D0%B2%D1%8B%D0%B9%20%D0%B7%D0%B0%D0%B4%D0%BD%D0%B8%D0%B9%20Borsehung
